2,1,0,MN,910000001,ìåãûìsç`ãÊêVã¥,13143005910000001,,,
1,2,0,IR,1,13,1,9999913,,ÉTÉìÉvÉãïaâ@,43005,00,03-9999-9999
1,3,0,RE,2,1117,43004,ÉTÉìÉvÉãÅ@ìÒ,1,3180717,,4300409,,,,,,,,,,,,,06,,,,,,,,,,,,,,,,
1,4,0,HO,06132013,ÇPÇQÇRÇSÇTÇUÇV,ÇP,8,46794,,15,9900,,,44400,,,
1,5,0,SY,1519022,4300409,1,,,01,
1,6,0,SY,1991019,4300409,1,8002,,,
1,7,0,SY,4139007,4300409,1,,,,
1,8,0,SY,8844446,4300409,1,,,,
1,9,0,SY,2500013,4300409,1,,,,
1,10,0,SY,4629008,4300409,1,,,,
1,11,0,SY,8836591,4300409,1,,,,
1,12,0,SY,0000999,4300409,1,,é®çCê,,
1,13,0,SY,8835171,4300409,1,,,,
1,14,0,SY,8845988,4300409,1,,,01,
1,15,0,SI,13,1,113006910,,305,1,,,,,,,,,,,,,,,,1,,,,,,,,,,,,,,,,,,,,,
1,16,0,IY,21,1,620009461,3,3,5,,,,,,,,,,,,,,,,,,5,,,,,,,,,,,,,,,,,,,
1,17,0,CO,21,1,840000006,ÇOÇQ
1,18,0,IY,,1,620009461,3,3,2,,,,,,,,,,,,,,,,,,,,,,2,,,,,,,,,,,,,,,
1,19,0,IY,21,1,620456601,120,19,7,,,,,,,,,,,,,,,,7,,,,,,,,,,,,,,,,,,,,,
1,20,0,IY,21,1,620003541,3,142,3,,,,,,,,,,,,,,,,3,,,,,,,,,,,,,,,,,,,,,
1,21,0,IY,21,1,622007301,2,,5,,,,,,,,,,,,,,,,,,5,,,,,,,,,,,,,,,,,,,
1,22,0,IY,,1,622306501,1,33,5,,,,,,,,,,,,,,,,,,5,,,,,,,,,,,,,,,,,,,
1,23,0,CO,21,1,840000006,ÇOÇQ
1,24,0,IY,,1,622007301,2,,2,,,,,,,,,,,,,,,,,,,,,,2,,,,,,,,,,,,,,,
1,25,0,IY,,1,622306501,1,33,2,,,,,,,,,,,,,,,,,,,,,,2,,,,,,,,,,,,,,,
1,26,0,CO,21,1,840000006,ÇPÇP
1,27,0,IY,,1,622306501,1,22,11,,,,,,,,,,,,,,,,,,,,,,11,,,,,,,,,,,,,,,
1,28,0,IY,23,1,620003851,18,11,1,,,,,,,,,,,,,,,,,,1,,,,,,,,,,,,,,,,,,,
1,29,0,IY,23,1,620003851,42,25,1,,,,,,,,,,,,,,,,,,,,,1,,,,,,,,,,,,,,,,
1,30,0,SI,24,1,120001110,,7,7,,,,,,,,,,,,,,,,1,1,1,1,1,1,1,,,,,,,,,,,,,,,
1,31,0,SI,27,1,120001710,,42,1,,,,,,,,,,,,,,,,1,,,,,,,,,,,,,,,,,,,,,
1,32,0,IY,33,1,620007344,1.2,,1,,,,,,,,,,,,,,,,1,,,,,,,,,,,,,,,,,,,,,
1,33,0,IY,,1,620006246,1,,1,,,,,,,,,,,,,,,,1,,,,,,,,,,,,,,,,,,,,,
1,34,0,IY,,1,620801302,1,,1,,,,,,,,,,,,,,,,1,,,,,,,,,,,,,,,,,,,,,
1,35,0,IY,,1,620004427,2,,1,,,,,,,,,,,,,,,,1,,,,,,,,,,,,,,,,,,,,,
1,36,0,IY,,1,643310190,2,,1,,,,,,,,,,,,,,,,1,,,,,,,,,,,,,,,,,,,,,
1,37,0,IY,,1,622130701,4,175,1,,,,,,,,,,,,,,,,1,,,,,,,,,,,,,,,,,,,,,
1,38,0,SI,33,1,130003810,,97,1,,,,,,,,,,,,,,,,,1,,,,,,,,,,,,,,,,,,,,
1,39,0,IY,,1,620007344,4,,1,,,,,,,,,,,,,,,,,1,,,,,,,,,,,,,,,,,,,,
1,40,0,IY,,1,643180017,1,,1,,,,,,,,,,,,,,,,,1,,,,,,,,,,,,,,,,,,,,
1,41,0,IY,,1,620007454,1,,1,,,,,,,,,,,,,,,,,1,,,,,,,,,,,,,,,,,,,,
1,42,0,IY,,1,622130701,4,,1,,,,,,,,,,,,,,,,,1,,,,,,,,,,,,,,,,,,,,
1,43,0,IY,,1,620004427,2,,1,,,,,,,,,,,,,,,,,1,,,,,,,,,,,,,,,,,,,,
1,44,0,IY,,1,643310190,2,252,1,,,,,,,,,,,,,,,,,1,,,,,,,,,,,,,,,,,,,,
1,45,0,SI,33,1,130003810,,97,1,,,,,,,,,,,,,,,,,,1,,,,,,,,,,,,,,,,,,,
1,46,0,IY,,1,620007344,4,,1,,,,,,,,,,,,,,,,,,1,,,,,,,,,,,,,,,,,,,
1,47,0,IY,,1,620004194,1,75,1,,,,,,,,,,,,,,,,,,1,,,,,,,,,,,,,,,,,,,
1,48,0,SI,33,1,130003810,,97,1,,,,,,,,,,,,,,,,,,,1,,,,,,,,,,,,,,,,,,
1,49,0,IY,,1,620007454,1,,1,,,,,,,,,,,,,,,,,,,1,,,,,,,,,,,,,,,,,,
1,50,0,IY,,1,620007344,2,72,1,,,,,,,,,,,,,,,,,,,1,,,,,,,,,,,,,,,,,,
1,51,0,SI,40,1,140005610,,65,1,,,,,,,,,,,,,,,,,1,,,,,,,,,,,,,,,,,,,,
1,52,0,TO,,1,739200000,390,,1,037,0.08,,,,,,,,,,,,,,,,,,,1,,,,,,,,,,,,,,,,,,,,
1,53,0,TO,,1,770020070,,4,1,,,,,,,,,,,,,,,,,,,,,1,,,,,,,,,,,,,,,,,,,,
1,54,0,SI,40,1,140051610,,180,1,,,,,,,,,,,,,,,,,,,1,,,,,,,,,,,,,,,,,,
1,55,0,TO,40,1,739200000,455,,1,037,0.08,,,,,,,,,,,,,,,,,,1,,,,,,,,,,,,,,,,,,,,,
1,56,0,TO,,1,770020070,,5,1,,,,,,,,,,,,,,,,,,,,1,,,,,,,,,,,,,,,,,,,,,
1,57,0,SI,50,1,150323010,,18370,1,,,,,,,,,,,,,,,,1,,,,,,,,,,,,,,,,,,,,,
1,58,0,IY,,1,621371901,1,,1,,,,,,,,,,,,,,,,1,,,,,,,,,,,,,,,,,,,,,
1,59,0,IY,,1,620805001,1,,1,,,,,,,,,,,,,,,,1,,,,,,,,,,,,,,,,,,,,,
1,60,0,IY,,1,660470006,1,,1,,,,,,,,,,,,,,,,1,,,,,,,,,,,,,,,,,,,,,
1,61,0,IY,,1,661210006,5,,1,,,,,,,,,,,,,,,,1,,,,,,,,,,,,,,,,,,,,,
1,62,0,IY,,1,620007036,6,,1,,,,,,,,,,,,,,,,1,,,,,,,,,,,,,,,,,,,,,
1,63,0,IY,,1,610444134,1,,1,,,,,,,,,,,,,,,,1,,,,,,,,,,,,,,,,,,,,,
1,64,0,IY,,1,612340028,1,,1,,,,,,,,,,,,,,,,1,,,,,,,,,,,,,,,,,,,,,
1,65,0,IY,,1,641140051,1,,1,,,,,,,,,,,,,,,,1,,,,,,,,,,,,,,,,,,,,,
1,66,0,IY,,1,641170002,1,,1,,,,,,,,,,,,,,,,1,,,,,,,,,,,,,,,,,,,,,
1,67,0,IY,,1,620004200,1,,1,,,,,,,,,,,,,,,,1,,,,,,,,,,,,,,,,,,,,,
1,68,0,IY,,1,643310190,1,,1,,,,,,,,,,,,,,,,1,,,,,,,,,,,,,,,,,,,,,
1,69,0,IY,,1,620004179,1,355,1,,,,,,,,,,,,,,,,1,,,,,,,,,,,,,,,,,,,,,
1,70,0,TO,,1,710010064,2,1536,1,039,7680,,,,,,,,,,,,,,,,,,1,,,,,,,,,,,,,,,,,,,,,
1,71,0,SI,60,1,160061710,,,1,,,,,,,,,,,,,,,1,,,,,,,,,,,,,,,,,,,,,,
1,72,0,SI,,1,160182770,,134,1,,,,,,,,,,,,,,,1,,,,,,,,,,,,,,,,,,,,,,
1,73,0,SI,60,1,160061810,,125,1,,,,,,,,,,,,,,,1,,,,,,,,,,,,,,,,,,,,,,
1,74,0,SI,60,1,160061910,,144,1,,,,,,,,,,,,,,,1,,,,,,,,,,,,,,,,,,,,,,
1,75,0,SI,60,1,160062110,,144,1,,,,,,,,,,,,,,,1,,,,,,,,,,,,,,,,,,,,,,
1,76,0,SI,60,1,160008010,,21,3,,,,,,,,,,,,,,,1,,1,,,,,1,,,,,,,,,,,,,,,
1,77,0,SI,60,1,160054710,,16,3,,,,,,,,,,,,,,,1,,1,,,,,1,,,,,,,,,,,,,,,
1,78,0,SI,60,1,160000310,,26,1,,,,,,,,,,,,,,,1,,,,,,,,,,,,,,,,,,,,,,
1,79,0,SI,60,1,160005010,,27,1,,,,,,,,,,,,,,,1,,,,,,,,,,,,,,,,,,,,,,
1,80,0,SI,60,1,160010010,,49,1,,,,,,,,,,,,,,,1,,,,,,,,,,,,,,,,,,,,,,
1,81,0,SI,60,1,160011410,,15,1,,,,,,,,,,,,,,,1,,,,,,,,,,,,,,,,,,,,,,
1,82,0,SI,,1,160012310,,29,1,,,,,,,,,,,,,,,1,,,,,,,,,,,,,,,,,,,,,,
1,83,0,SI,,1,160012010,,18,1,,,,,,,,,,,,,,,1,,,,,,,,,,,,,,,,,,,,,,
1,84,0,SI,60,1,160039810,,15,1,,,,,,,,,,,,,,,1,,,,,,,,,,,,,,,,,,,,,,
1,85,0,SI,60,1,160049210,,88,1,,,,,,,,,,,,,,,1,,,,,,,,,,,,,,,,,,,,,,
1,86,0,SI,,1,160118510,,111,1,,,,,,,,,,,,,,,1,,,,,,,,,,,,,,,,,,,,,,
1,87,0,CO,60,1,810000001,ååâtâªäwåüç∏ÅiÇPÇOçÄñ⁄à»è„Åj
1,88,0,SI,,1,160161510,,20,1,,,,,,,,,,,,,,,1,,,,,,,,,,,,,,,,,,,,,,
1,89,0,SI,,1,160021410,,,1,,,,,,,,,,,,,,,1,,,,,,,,,,,,,,,,,,,,,,
1,90,0,SI,,1,160021110,,,1,,,,,,,,,,,,,,,1,,,,,,,,,,,,,,,,,,,,,,
1,91,0,SI,,1,160019410,,,1,,,,,,,,,,,,,,,1,,,,,,,,,,,,,,,,,,,,,,
1,92,0,SI,,1,160019010,,,1,,,,,,,,,,,,,,,1,,,,,,,,,,,,,,,,,,,,,,
1,93,0,SI,,1,160019110,,,1,,,,,,,,,,,,,,,1,,,,,,,,,,,,,,,,,,,,,,
1,94,0,SI,,1,160022510,,,1,,,,,,,,,,,,,,,1,,,,,,,,,,,,,,,,,,,,,,
1,95,0,SI,,1,160022610,,,1,,,,,,,,,,,,,,,1,,,,,,,,,,,,,,,,,,,,,,
1,96,0,SI,,1,160017010,,,1,,,,,,,,,,,,,,,1,,,,,,,,,,,,,,,,,,,,,,
1,97,0,SI,,1,160020310,,,1,,,,,,,,,,,,,,,1,,,,,,,,,,,,,,,,,,,,,,
1,98,0,SI,,1,160020610,,,1,,,,,,,,,,,,,,,1,,,,,,,,,,,,,,,,,,,,,,
1,99,0,SI,,1,160018910,,,1,,,,,,,,,,,,,,,1,,,,,,,,,,,,,,,,,,,,,,
1,100,0,SI,,1,160017410,,,1,,,,,,,,,,,,,,,1,,,,,,,,,,,,,,,,,,,,,,
1,101,0,SI,,1,160019510,,,1,,,,,,,,,,,,,,,1,,,,,,,,,,,,,,,,,,,,,,
1,102,0,SI,,1,160021510,,,1,,,,,,,,,,,,,,,1,,,,,,,,,,,,,,,,,,,,,,
1,103,0,SI,,1,160020410,,,1,,,,,,,,,,,,,,,1,,,,,,,,,,,,,,,,,,,,,,
1,104,0,SI,,1,160020010,,,1,,,,,,,,,,,,,,,1,,,,,,,,,,,,,,,,,,,,,,
1,105,0,SI,,1,160022410,,,1,,,,,,,,,,,,,,,1,,,,,,,,,,,,,,,,,,,,,,
1,106,0,SI,,1,160020910,,112,1,,,,,,,,,,,,,,,1,,,,,,,,,,,,,,,,,,,,,,
1,107,0,CO,60,1,810000001,ååâtâªäwåüç∏ÅiÇPÇOçÄñ⁄à»è„Åj
1,108,0,SI,,1,160020010,,,1,,,,,,,,,,,,,,,,,1,,,,,,,,,,,,,,,,,,,,
1,109,0,SI,,1,160021110,,,1,,,,,,,,,,,,,,,,,1,,,,,,,,,,,,,,,,,,,,
1,110,0,SI,,1,160021410,,,1,,,,,,,,,,,,,,,,,1,,,,,,,,,,,,,,,,,,,,
1,111,0,SI,,1,160019410,,,1,,,,,,,,,,,,,,,,,1,,,,,,,,,,,,,,,,,,,,
1,112,0,SI,,1,160019010,,,1,,,,,,,,,,,,,,,,,1,,,,,,,,,,,,,,,,,,,,
1,113,0,SI,,1,160019110,,,1,,,,,,,,,,,,,,,,,1,,,,,,,,,,,,,,,,,,,,
1,114,0,SI,,1,160022510,,,1,,,,,,,,,,,,,,,,,1,,,,,,,,,,,,,,,,,,,,
1,115,0,SI,,1,160022610,,,1,,,,,,,,,,,,,,,,,1,,,,,,,,,,,,,,,,,,,,
1,116,0,SI,,1,160017010,,,1,,,,,,,,,,,,,,,,,1,,,,,,,,,,,,,,,,,,,,
1,117,0,SI,,1,160020310,,,1,,,,,,,,,,,,,,,,,1,,,,,,,,,,,,,,,,,,,,
1,118,0,SI,,1,160020610,,,1,,,,,,,,,,,,,,,,,1,,,,,,,,,,,,,,,,,,,,
1,119,0,SI,,1,160017410,,,1,,,,,,,,,,,,,,,,,1,,,,,,,,,,,,,,,,,,,,
1,120,0,SI,,1,160018910,,,1,,,,,,,,,,,,,,,,,1,,,,,,,,,,,,,,,,,,,,
1,121,0,SI,,1,160019510,,,1,,,,,,,,,,,,,,,,,1,,,,,,,,,,,,,,,,,,,,
1,122,0,SI,,1,160020410,,,1,,,,,,,,,,,,,,,,,1,,,,,,,,,,,,,,,,,,,,
1,123,0,SI,,1,160022410,,,1,,,,,,,,,,,,,,,,,1,,,,,,,,,,,,,,,,,,,,
1,124,0,SI,,1,160020910,,112,1,,,,,,,,,,,,,,,,,1,,,,,,,,,,,,,,,,,,,,
1,125,0,CO,60,1,810000001,ååâtâªäwåüç∏ÅiÇPÇOçÄñ⁄à»è„Åj
1,126,0,SI,,1,160021110,,,1,,,,,,,,,,,,,,,,,,,,,,1,,,,,,,,,,,,,,,
1,127,0,SI,,1,160021410,,,1,,,,,,,,,,,,,,,,,,,,,,1,,,,,,,,,,,,,,,
1,128,0,SI,,1,160019410,,,1,,,,,,,,,,,,,,,,,,,,,,1,,,,,,,,,,,,,,,
1,129,0,SI,,1,160019010,,,1,,,,,,,,,,,,,,,,,,,,,,1,,,,,,,,,,,,,,,
1,130,0,SI,,1,160019110,,,1,,,,,,,,,,,,,,,,,,,,,,1,,,,,,,,,,,,,,,
1,131,0,SI,,1,160022510,,,1,,,,,,,,,,,,,,,,,,,,,,1,,,,,,,,,,,,,,,
1,132,0,SI,,1,160022610,,,1,,,,,,,,,,,,,,,,,,,,,,1,,,,,,,,,,,,,,,
1,133,0,SI,,1,160017010,,,1,,,,,,,,,,,,,,,,,,,,,,1,,,,,,,,,,,,,,,
1,134,0,SI,,1,160020610,,,1,,,,,,,,,,,,,,,,,,,,,,1,,,,,,,,,,,,,,,
1,135,0,SI,,1,160020310,,,1,,,,,,,,,,,,,,,,,,,,,,1,,,,,,,,,,,,,,,
1,136,0,SI,,1,160017410,,,1,,,,,,,,,,,,,,,,,,,,,,1,,,,,,,,,,,,,,,
1,137,0,SI,,1,160018910,,,1,,,,,,,,,,,,,,,,,,,,,,1,,,,,,,,,,,,,,,
1,138,0,SI,,1,160019510,,,1,,,,,,,,,,,,,,,,,,,,,,1,,,,,,,,,,,,,,,
1,139,0,SI,,1,160020410,,,1,,,,,,,,,,,,,,,,,,,,,,1,,,,,,,,,,,,,,,
1,140,0,SI,,1,160022410,,,1,,,,,,,,,,,,,,,,,,,,,,1,,,,,,,,,,,,,,,
1,141,0,SI,,1,160020910,,112,1,,,,,,,,,,,,,,,,,,,,,,1,,,,,,,,,,,,,,,
1,142,0,SI,60,1,160155110,,,1,,,,,,,,,,,,,,,,1,,,,,,,,,,,,,,,,,,,,,
1,143,0,SI,,1,160190470,,770,1,,,,,,,,,,,,,,,,1,,,,,,,,,,,,,,,,,,,,,
1,144,0,SI,60,1,160060010,1,860,1,,,,,,,,,,,,,,,,1,,,,,,,,,,,,,,,,,,,,,
1,145,0,CO,,1,810000001,Åkà›Ål
1,146,0,IY,60,1,620004200,1,,1,,,,,,,,,,,,,,,,,,,,,,1,,,,,,,,,,,,,,,
1,147,0,IY,,1,643310190,1,,1,,,,,,,,,,,,,,,,,,,,,,1,,,,,,,,,,,,,,,
1,148,0,IY,,1,620006627,1,,1,,,,,,,,,,,,,,,,,,,,,,1,,,,,,,,,,,,,,,
1,149,0,IY,,1,620004179,1,169,1,,,,,,,,,,,,,,,,,,,,,,1,,,,,,,,,,,,,,,
1,150,0,SI,60,1,160068410,,130,1,,,,,,,,,,,,,,,1,,,,,,,,,,,,,,,,,,,,,,
1,151,0,SI,60,1,160093810,,,1,,,,,,,,,,,,,,,1,,,,,,,,,,,,,,,,,,,,,,
1,152,0,SI,,1,160148070,,1200,1,,,,,,,,,,,,,,,1,,,,,,,,,,,,,,,,,,,,,,
1,153,0,IY,,1,620003852,6,,1,,,,,,,,,,,,,,,1,,,,,,,,,,,,,,,,,,,,,,
1,154,0,IY,,1,661210006,5,,1,,,,,,,,,,,,,,,1,,,,,,,,,,,,,,,,,,,,,,
1,155,0,IY,,1,620007036,6,,1,,,,,,,,,,,,,,,1,,,,,,,,,,,,,,,,,,,,,,
1,156,0,IY,,1,610444134,1,,1,,,,,,,,,,,,,,,1,,,,,,,,,,,,,,,,,,,,,,
1,157,0,IY,,1,612340028,1,,1,,,,,,,,,,,,,,,1,,,,,,,,,,,,,,,,,,,,,,
1,158,0,IY,,1,620004179,1,,1,,,,,,,,,,,,,,,1,,,,,,,,,,,,,,,,,,,,,,
1,159,0,IY,,1,620006627,1,,1,,,,,,,,,,,,,,,1,,,,,,,,,,,,,,,,,,,,,,
1,160,0,IY,,1,620004200,1,,1,,,,,,,,,,,,,,,1,,,,,,,,,,,,,,,,,,,,,,
1,161,0,IY,,1,643310190,1,195,1,,,,,,,,,,,,,,,1,,,,,,,,,,,,,,,,,,,,,,
1,162,0,SI,60,1,160155510,,30,1,,,,,,,,,,,,,,,,,1,,,,,,,,,,,,,,,,,,,,
1,163,0,SI,60,1,160093810,,,1,,,,,,,,,,,,,,,,,1,,,,,,,,,,,,,,,,,,,,
1,164,0,SI,,1,160000190,,1026,1,,,,,,,,,,,,,,,,,1,,,,,,,,,,,,,,,,,,,,
1,165,0,IY,,1,620003852,6,,1,,,,,,,,,,,,,,,,,1,,,,,,,,,,,,,,,,,,,,
1,166,0,IY,,1,661210006,5,,1,,,,,,,,,,,,,,,,,1,,,,,,,,,,,,,,,,,,,,
1,167,0,IY,,1,620004179,1,,1,,,,,,,,,,,,,,,,,1,,,,,,,,,,,,,,,,,,,,
1,168,0,IY,,1,620004200,1,,1,,,,,,,,,,,,,,,,,1,,,,,,,,,,,,,,,,,,,,
1,169,0,IY,,1,643310190,1,167,1,,,,,,,,,,,,,,,,,1,,,,,,,,,,,,,,,,,,,,
1,170,0,SI,60,1,160093810,,,1,,,,,,,,,,,,,,,,,,,,,,1,,,,,,,,,,,,,,,
1,171,0,SI,,1,160000190,,1026,1,,,,,,,,,,,,,,,,,,,,,,1,,,,,,,,,,,,,,,
1,172,0,IY,,1,620003852,6,,1,,,,,,,,,,,,,,,,,,,,,,1,,,,,,,,,,,,,,,
1,173,0,IY,,1,661210006,5,11,1,,,,,,,,,,,,,,,,,,,,,,1,,,,,,,,,,,,,,,
1,174,0,CO,70,1,810000001,ÅkãπïîÅl
1,175,0,CO,,1,810000001,ãπïî
1,176,0,SI,,1,170000410,2,,3,,,,,,,,,,,,,,,1,1,1,,,,,,,,,,,,,,,,,,,,
1,177,0,SI,,1,170027910,2,,3,,,,,,,,,,,,,,,1,1,1,,,,,,,,,,,,,,,,,,,,
1,178,0,SI,,1,170000210,,287,3,,,,,,,,,,,,,,,1,1,1,,,,,,,,,,,,,,,,,,,,
1,179,0,CO,70,1,810000001,Åkï†ïîÅl
1,180,0,CO,,1,810000001,ï†ïî
1,181,0,SI,,1,170000410,2,,2,,,,,,,,,,,,,,,1,1,,,,,,,,,,,,,,,,,,,,,
1,182,0,SI,,1,170027910,2,,2,,,,,,,,,,,,,,,1,1,,,,,,,,,,,,,,,,,,,,,
1,183,0,SI,,1,170000210,,287,2,,,,,,,,,,,,,,,1,1,,,,,,,,,,,,,,,,,,,,,
1,184,0,CO,70,1,810000001,Åkï†ïîÅl
1,185,0,CO,,1,810000001,ï†ïî
1,186,0,SI,,1,170000410,3,,1,,,,,,,,,,,,,,,,,1,,,,,,,,,,,,,,,,,,,,
1,187,0,SI,,1,170027910,3,,1,,,,,,,,,,,,,,,,,1,,,,,,,,,,,,,,,,,,,,
1,188,0,SI,,1,170000210,,363,1,,,,,,,,,,,,,,,,,1,,,,,,,,,,,,,,,,,,,,
1,189,0,CO,90,1,840000013,ÇQÇWÇOÇTÇPÇU
1,190,0,SI,90,1,190077410,,,1,,,,,,,,,,,,,,,1,,,,,,,,,,,,,,,,,,,,,,
1,191,0,SI,,1,190079470,,,1,,,,,,,,,,,,,,,1,,,,,,,,,,,,,,,,,,,,,,
1,192,0,SI,,1,190100370,,,1,,,,,,,,,,,,,,,1,,,,,,,,,,,,,,,,,,,,,,
1,193,0,SI,,1,190077070,,,1,,,,,,,,,,,,,,,1,,,,,,,,,,,,,,,,,,,,,,
1,194,0,SI,,1,190147210,,,1,,,,,,,,,,,,,,,1,,,,,,,,,,,,,,,,,,,,,,
1,195,0,SI,,1,190147470,,,1,,,,,,,,,,,,,,,1,,,,,,,,,,,,,,,,,,,,,,
1,196,0,SI,,1,190120510,,2405,1,,,,,,,,,,,,,,,1,,,,,,,,,,,,,,,,,,,,,,
1,197,0,SI,90,1,190077410,,,6,,,,,,,,,,,,,,,,1,1,1,1,1,1,,,,,,,,,,,,,,,,
1,198,0,SI,,1,190079470,,,6,,,,,,,,,,,,,,,,1,1,1,1,1,1,,,,,,,,,,,,,,,,
1,199,0,SI,,1,190077070,,1800,6,,,,,,,,,,,,,,,,1,1,1,1,1,1,,,,,,,,,,,,,,,,
1,200,0,SI,90,1,190077410,,,1,,,,,,,,,,,,,,,,,,,,,,1,,,,,,,,,,,,,,,
1,201,0,SI,,1,190079470,,,1,,,,,,,,,,,,,,,,,,,,,,1,,,,,,,,,,,,,,,
1,202,0,SI,,1,190077070,,,1,,,,,,,,,,,,,,,,,,,,,,1,,,,,,,,,,,,,,,
1,203,0,SI,,1,190149210,,1950,1,,,,,,,,,,,,,,,,,,,,,,1,,,,,,,,,,,,,,,
1,204,0,SI,97,1,197000110,2,1280,1,,,,,,,,,,,,,,,1,,,,,,,,,,,,,,,,,,,,,,
1,205,0,SI,97,1,197000110,3,1920,4,,,,,,,,,,,,,,,,,,1,1,1,1,,,,,,,,,,,,,,,,
1,206,0,SI,97,1,197000110,1,640,1,,,,,,,,,,,,,,,,,,,,,,1,,,,,,,,,,,,,,,
1,207,0,SI,97,1,197000570,,50,6,,,,,,,,,,,,,,,1,,,1,1,1,1,1,,,,,,,,,,,,,,,
1,208,0,SI,97,1,197000810,2,920,1,,,,,,,,,,,,,,,1,,,,,,,,,,,,,,,,,,,,,,
1,209,0,SI,97,1,197000810,3,1380,4,,,,,,,,,,,,,,,,,,1,1,1,1,,,,,,,,,,,,,,,,
1,210,0,SI,97,1,197000810,1,460,1,,,,,,,,,,,,,,,,,,,,,,1,,,,,,,,,,,,,,,
2,211,0,HO,06132013,ÇPÇQÇRÇSÇTÇUÇV,ÇP,8,46368,,15,9900,,,44400,,,
2,212,0,JY,2,4,0,,,211,0,
2,213,0,JY,3,20,0,,C,,,
2,214,1,EX,,,,,,,,,,,,1:43005:
2,215,1,EX,,,,,,,,,,,,eF7dWF2LG1UY/j3n7uTMmeEwhLDu2hWLJQu2oQha0NvS5kKsSBETT6aEELMsS6hLHLxw8VIQqfSmixQX0+0fKEptras3VnohFO983jkzk+yck9AxIwtOyMdMct7nvM/79UyErwLOQ5/XeX743FfCkzXu04GvzQdf1YKg7vuvrJ87v8GSZYxezDrRYIJJLmo8lEo0pFC14mkGgB/y5MkZDrz5r73ROnsOl0KJ04JNskq/EskKzl5VgVC5KTa8tHNZTwcfjv/++KD3zvhodHWn1/mFJfYVwUisoaeAGzlOaOPIlXACsp89c5yGw5/AwlGgOj0Y09/q6c7t4bXtH3tPRx/pu/239JPxpe2betr/XT82ftUzvwgTvuV4wiNSCwSq1QFhVjodFB7xXAAMKwJMo1bwsGED1isBdIdQeDUbsFERoMtDumZRSrV0sghKJw1iqJwxRNHagF5FgG4PAxtQUCZX4SJ6Q+Im3vO6gGWLUvSTFBCVT41F1TZepzIUeGAne29Pbus/9OP+1f7zuB1diQbROHo3Gg8exl/rrcmnu1ud77sfRBejUbTZvd5d01u62d3UTXrQdzj/RE+HF3bTopViAf+BoxmJvBst31z0ZrQVXaetbR/uDuK2Pg/4wUngAIlNbFisKFcY8vZUCbBkmCtUwAxjIg9H4Eg4kbepHLh1BtFQXNS5ZAz9fU1Pd78ZPLhxYdTuPZ1ciw/0fbraa+rpqLP3/Ndb8cHkpj4yn/Wz/rO99/Ud/WR0PEAgti/Hh4P3Og/1PoVE39LH+gf9hX6g73RfHn/VOe78Fh/eWOv9pO/RWX84fqTvppamiaV9/bmx1V0v7OIosXhPf6m/g8X7+Pyz/nNmX+9T1wavNCHnp8TCQUrBTwdpjXshtbfsVPCgzrwGwik4mgLSGmmMV8ZCVND8LLVzHi08SXmPUXqdZsq79pZlPOokmfOnVo5WckoKHngL53j7v+dmppTs5iTRxogN5PLyLKq4N0nw
2,216,1,EX,,,,,,,,,,,,XyWuuzXZChS/y3D/UwUqmVEV4PVf4bjli61AJTNiYh6ntJgoo0AlGk4auNyx0oBlFChJ1YoQXfJFeJYEBaJprSuRCh/dQXRoUCCahrk6ostHhwgFommDqyK+sAoFYt5qVsocsmLkD97nRKGlf4CYN5kVEecF18JBT4Tmk11hss+fqsZs0IOzdNBDrOej/qVm6+yGGeoFeUuSj2ouYC0oBWrWlvxcttikFi0WdWhyHPQvACm5oohdZsWkS7IFBSsCfafMchP7ZDn0Xx2h40GoSnqShRNGGmyTldtB1vhbPBEl5Rajm4P4hMOa4VAo8DrPAPeX0ZfQZQx4ZAB0vvhitNx0MWQi9l5Ymo13W4hRB0pSB/SfkhJbWC6UEVm5SJE0wNlp4M3KBUqNfD6hixdTTcUlAyoSxCqhytA1+z9n2VrsIltLuUk3j3TPU8YEIpuZkGz8aO+zyV+4n5zG7QluboZX4rZl7Uzz4rrzPzi6B6D7Sfjv/wMEoRI1
2,217,0,RC,Ver000012add2b60d6fa0497c8d717ddfbfc394f
2,218,1,RC,Ver000014625a5d8045eb75c54c71824f84adb9a5858f544
 2,1,0,MN,910000002,ìåãûìsç`ãÊêVã¥,13143005910000002,,,
1,2,0,IR,1,13,1,9999913,,ÉTÉìÉvÉãïaâ@,43005,00,03-9999-9999
1,3,0,RE,10,1125,43004,ÉTÉìÉvÉãÅ@î™,2,4190506,,4300404,,,,,,,,,,,,,09,,,,,,,,,,,,,,,,
1,4,0,HO,06132013,ÇPÇQÇRÇSÇTÇUÇV,ÇP,16,41100,,26,17140,,,,,,
1,5,0,KO,88135124,2222222,,16,41100,,,,,0,0
1,6,0,SY,7823024,4280504,1,,,01,
1,7,0,SY,0410002,4280504,1,8002,,,
1,8,0,SY,0790001,4280504,1,8002,,,
1,9,0,SY,2809009,4280504,1,8002,,,
1,10,0,SY,4220002,4280504,1,8002,,,
1,11,0,SY,5819004,4280504,1,8002,,,
1,12,0,SY,8832417,4280504,1,8002,,,
1,13,0,SY,8837433,4280504,1,,,,
1,14,0,SY,8840559,4280504,1,8002,,,
1,15,0,SY,8842971,4280504,1,8002,,,
1,16,0,SY,9970003,4280504,1,8002,,,
1,17,0,SY,0389004,4280505,1,8002,,,
1,18,0,SY,2869008,4280505,1,8002,,,
1,19,0,SY,5959015,4280505,1,,,,
1,20,0,SY,8832362,4280506,1,,,01,
1,21,0,SY,0000999,4280506,1,,É}ÉCÉRÉvÉâÉXÉ}ä¥êıè«,,
1,22,0,SY,2535005,4280506,1,8002,,,
1,23,0,SY,4779004,4280506,1,,,,
1,24,0,SY,7100011,4280506,1,8002,,,
1,25,0,SY,8831247,4280506,1,8002,,,
1,26,0,SY,8833504,4280506,1,8002,,,
1,27,0,SY,8833949,4280506,1,8002,,,
1,28,0,SY,8835614,4280506,1,,,,
1,29,0,SY,8839057,4280506,1,8002,,,
1,30,0,SY,8842254,4280506,1,8002,,,
1,31,0,SY,0085004,4280507,1,8002,,,
1,32,0,SY,8840042,4280507,1,,,,
1,33,0,SY,0701001,4280509,1,8002,,,
1,34,0,SY,0703002,4280509,1,8002,,,
1,35,0,SY,0703022,4280509,1,8002,,,
1,36,0,SY,0781025,4280516,1,,,,
1,37,0,SY,8839169,4280516,1,8002,,,
1,38,0,IY,21,2,620269701,1.5,1,3,,,,,,,,,,,,,3,,,,,,,,,,,,,,,,,,,,,,,,
1,39,0,IY,21,2,620269701,1,1,5,,,,,,,,,,,,,,,5,,,,,,,,,,,,,,,,,,,,,,
1,40,0,IY,21,2,620003926,2,7,7,,,,,,,,,,,,,,,,5,,,,,2,,,,,,,,,,,,,,,,
1,41,0,IY,21,2,620005505,3,10,5,,,,,,,,,,,,,,,5,,,,,,,,,,,,,,,,,,,,,,
1,42,0,IY,22,2,620003926,1,4,1,,,,,,,,,,,,,,,,1,,,,,,,,,,,,,,,,,,,,,
1,43,0,SI,24,2,120001110,,7,8,,,,,,,,,,,,,1,1,1,1,1,1,1,,,1,,,,,,,,,,,,,,,
1,44,0,SI,27,2,120001710,,42,1,,,,,,,,,,,,,1,,,,,,,,,,,,,,,,,,,,,,,,
1,45,0,SI,33,2,130003810,,97,1,,,,,,,,,,1,,,,,,,,,,,,,,,,,,,,,,,,,,,
1,46,0,IY,,2,620007338,1,,1,,,,,,,,,,1,,,,,,,,,,,,,,,,,,,,,,,,,,,
1,47,0,IY,,2,620007344,0.7,,1,,,,,,,,,,1,,,,,,,,,,,,,,,,,,,,,,,,,,,
1,48,0,IY,,2,620007337,1,39,1,,,,,,,,,,1,,,,,,,,,,,,,,,,,,,,,,,,,,,
1,49,0,SI,33,2,130003810,,97,1,,,,,,,,,,,1,,,,,,,,,,,,,,,,,,,,,,,,,,
1,50,0,IY,,2,620007344,2.42,,1,,,,,,,,,,,1,,,,,,,,,,,,,,,,,,,,,,,,,,
1,51,0,IY,,2,640454019,1.8,,1,,,,,,,,,,,1,,,,,,,,,,,,,,,,,,,,,,,,,,
1,52,0,IY,,2,643230090,2,175,1,,,,,,,,,,,1,,,,,,,,,,,,,,,,,,,,,,,,,,
1,53,0,SI,33,2,130003810,,97,1,,,,,,,,,,,,1,,,,,,,,,,,,,,,,,,,,,,,,,
1,54,0,IY,,2,620007344,1.22,,1,,,,,,,,,,,,1,,,,,,,,,,,,,,,,,,,,,,,,,
1,55,0,IY,,2,640454019,2.7,,1,,,,,,,,,,,,1,,,,,,,,,,,,,,,,,,,,,,,,,
1,56,0,IY,,2,643230090,3,,1,,,,,,,,,,,,1,,,,,,,,,,,,,,,,,,,,,,,,,
1,57,0,IY,,2,620004194,2,250,1,,,,,,,,,,,,1,,,,,,,,,,,,,,,,,,,,,,,,,
1,58,0,IY,33,2,640454019,2.7,,2,,,,,,,,,,,,,1,1,,,,,,,,,,,,,,,,,,,,,,,
1,59,0,IY,,2,643230090,3,,2,,,,,,,,,,,,,1,1,,,,,,,,,,,,,,,,,,,,,,,
1,60,0,IY,,2,620004194,2,,2,,,,,,,,,,,,,1,1,,,,,,,,,,,,,,,,,,,,,,,
1,61,0,IY,,2,622130701,1,240,2,,,,,,,,,,,,,1,1,,,,,,,,,,,,,,,,,,,,,,,
1,62,0,IY,33,2,640454019,1.8,,1,,,,,,,,,,,,,,,1,,,,,,,,,,,,,,,,,,,,,,
1,63,0,IY,,2,643230090,2,,1,,,,,,,,,,,,,,,1,,,,,,,,,,,,,,,,,,,,,,
1,64,0,IY,,2,622130701,1,,1,,,,,,,,,,,,,,,1,,,,,,,,,,,,,,,,,,,,,,
1,65,0,IY,,2,620004194,1,159,1,,,,,,,,,,,,,,,1,,,,,,,,,,,,,,,,,,,,,,
1,66,0,CO,90,2,840000013,ÇQÇWÇOÇTÇPÇX
1,67,0,SI,92,2,190111210,,,1,,,,,,,,,,1,,,,,,,,,,,,,,,,,,,,,,,,,,,
1,68,0,SI,,2,190147210,,,1,,,,,,,,,,1,,,,,,,,,,,,,,,,,,,,,,,,,,,
1,69,0,SI,,2,190147470,,,1,,,,,,,,,,1,,,,,,,,,,,,,,,,,,,,,,,,,,,
1,70,0,SI,,2,190120510,,,1,,,,,,,,,,1,,,,,,,,,,,,,,,,,,,,,,,,,,,
1,71,0,SI,,2,190077070,,3653,1,,,,,,,,,,1,,,,,,,,,,,,,,,,,,,,,,,,,,,
1,72,0,CO,,2,810000001,éZíËì˙Å@ÇOÇSì˙
1,73,0,SI,92,2,190111210,,,10,,,,,,,,,,,1,1,1,1,1,1,1,1,1,,,1,,,,,,,,,,,,,,,
1,74,0,SI,,2,190077070,,3078,10,,,,,,,,,,,1,1,1,1,1,1,1,1,1,,,1,,,,,,,,,,,,,,,
1,75,0,CO,,2,810000001,éZíËì˙Å@ÇOÇTì˙Å`ÇPÇRì˙Å@ÇPÇUì˙
1,76,0,SI,92,2,190111210,,,1,,,,,,,,,,,,,,,,,,,,,,,,,1,,,,,,,,,,,,
1,77,0,SI,,2,190149210,,,1,,,,,,,,,,,,,,,,,,,,,,,,,1,,,,,,,,,,,,
1,78,0,SI,,2,190077070,,3228,1,,,,,,,,,,,,,,,,,,,,,,,,,1,,,,,,,,,,,,
1,79,0,CO,,2,810000001,éZíËì˙Å@ÇPÇXì˙
1,80,0,SI,92,2,190111210,,,4,,,,,,,,,,,,,,,,,,,,1,1,,1,1,,,,,,,,,,,,,
1,81,0,SI,,2,190107490,,459,4,,,,,,,,,,,,,,,,,,,,1,1,,1,1,,,,,,,,,,,,,
1,82,0,CO,,2,840000016,ÇPÇSÇPÇT
1,83,0,CO,,2,840000016,ÇPÇVÇPÇW
1,84,0,SI,97,1,197000110,1,640,1,,,,,,,,,,1,,,,,,,,,,,,,,,,,,,,,,,,,,,
1,85,0,SI,97,1,197000110,3,1920,7,,,,,,,,,,,1,,1,1,1,1,1,1,,,,,,,,,,,,,,,,,,,
1,86,0,SI,97,1,197000110,2,1280,2,,,,,,,,,,,,1,,,,,,,1,,,,,,,,,,,,,,,,,,
1,87,0,SI,97,1,197000570,,50,10,,,,,,,,,,1,1,1,1,1,1,1,1,1,1,,,,,,,,,,,,,,,,,,
1,88,0,SI,97,1,197000810,1,460,1,,,,,,,,,,1,,,,,,,,,,,,,,,,,,,,,,,,,,,
1,89,0,SI,97,1,197000810,3,1380,7,,,,,,,,,,,1,,1,1,1,1,1,1,,,,,,,,,,,,,,,,,,,
1,90,0,SI,97,1,197000810,2,920,2,,,,,,,,,,,,1,,,,,,,1,,,,,,,,,,,,,,,,,,
2,91,1,EX,,,,,,,,,,,,1:43005:
2,92,1,EX,,,,,,,,,,,,eF69lLFOxDAMhp/Hm+M6lRVVHQ4hBOLEghBigMdgZQjDDSdODIg3QcxM9wxMiIGJd8BOe23p9VClq4iUWklt/7HzKeQlRwweM2yGR59zJgV6R0HQ6wjkkvVeqNQf/mg2Pz+AFAv2qYI5AAGjOgdWRyZx/eVGRR0xTQQdavzp1cXJXLeKUpe9nJbVvChFIByLsGtSQXyJ68fX5e3q/f774S6+La7j59PN6jmuF1/xA5JOxmpIY+vZ6JX5th5PoqeKQ3rFtl4+iV4+rDfQT5lIj+v61Db9dHanvfsLk+jJr/p2ImiXVyPoCEMHQUeEJWSlIBLqvhGVvgCB7Nh/UWj8GIVK0b9QqGVMojeWQoaKwn3rG0shQ0Xh/nrjKGSoKNxXbySF1syGQuk+hI5EspZCMe4ShUgthzvptqZt8uoDq5HdJbV5Q5O3zXp4djkbfLbtCBagZPsfzIiv9AAA
2,93,0,RC,Ver0000173edb54b2b0894b93c0932344f7a2cb7
2,94,1,RC,Ver0000195dca6e9aa6cc8ac2d4a1df237c65b43198a69e7
 2,1,0,MN,910000003,ìåãûìsç`ãÊêVã¥,13143005910000003,,,
1,2,0,IR,1,13,1,9999913,,ÉTÉìÉvÉãïaâ@,43005,00,03-9999-9999
1,3,0,RE,12,1115,43004,ÉTÉìÉvÉãÅ@ã„,2,3541022,,4300417,,,25,,,,,,,,,,23,,,,,,,,,,,,,,,,
1,4,0,HO,06132013,ÇPÇQÇRÇSÇTÇUÇV,ÇP,9,55903,,18,11870,,,,,,
1,5,0,SY,8833940,4271212,1,,,,
1,6,0,SY,6489003,4280103,1,7066,,,
1,7,0,SY,6923002,4280103,1,,,,
1,8,0,SY,0000999,4280107,1,,îDêPê´ìúîAïa,,
1,9,0,SY,6400001,4280128,1,7070,,,
1,10,0,SY,8843369,4280206,1,7071,,,
1,11,0,SY,6489003,4280602,1,7033,,,
1,12,0,SY,8836911,4280602,1,8002,,,
1,13,0,SY,8832722,4280618,1,,,01,
1,14,0,SY,6609005,4280618,1,,,,
1,15,0,SY,6695001,4280618,1,,,,
1,16,0,SY,2809009,4280619,1,,,,
1,17,0,SY,8840042,4280619,1,,,,
1,18,0,CO,21,1,840000006,ÇPÇS
1,19,0,IY,,1,620729101,1,1,14,,,,,,,,,,,,,,,,,,,,,,,,,,,,,,,14,,,,,,
1,20,0,CO,21,1,840000006,ÇPÇS
1,21,0,IY,,1,610463197,6,3,14,,,,,,,,,,,,,,,,,,,,,,,,,,,,,,,14,,,,,,
1,22,0,IY,22,1,610463197,1,1,10,,,,,,,,,,,,,,,,,,,,,,,,,10,,,,,,,,,,,,
1,23,0,IY,22,1,620079315,1,1,10,,,,,,,,,,,,,,,,,,,,,,,,,10,,,,,,,,,,,,
1,24,0,IY,22,1,620007150,1,,10,,,,,,,,,,,,,,,,,,,,,,,,,,,,,,,10,,,,,,
1,25,0,IY,,1,620009461,1,2,10,,,,,,,,,,,,,,,,,,,,,,,,,,,,,,,10,,,,,,
1,26,0,IY,23,1,621939701,3,6,1,,,,,,,,,,,,,,,,,,,,,,,,,1,,,,,,,,,,,,
1,27,0,SI,24,1,120001110,,7,7,,,,,,,,,,,,,,,,,,,,,,,,,1,1,1,1,1,1,1,,,,,,
1,28,0,IY,31,1,620006786,2,203,5,,,,,,,,,,,,,,,,,,,,,,,,,,1,1,1,1,1,,,,,,,
1,29,0,IY,33,1,643310347,6,,1,,,,,,,,,,,,,,,,,,,,,,,,1,,,,,,,,,,,,,
1,30,0,IY,,1,620006611,4,,1,,,,,,,,,,,,,,,,,,,,,,,,1,,,,,,,,,,,,,
1,31,0,IY,,1,643230287,3,,1,,,,,,,,,,,,,,,,,,,,,,,,1,,,,,,,,,,,,,
1,32,0,IY,,1,620008909,0.06,,1,,,,,,,,,,,,,,,,,,,,,,,,1,,,,,,,,,,,,,
1,33,0,IY,,1,621102102,2,,1,,,,,,,,,,,,,,,,,,,,,,,,1,,,,,,,,,,,,,
1,34,0,IY,,1,620006627,2,,1,,,,,,,,,,,,,,,,,,,,,,,,1,,,,,,,,,,,,,
1,35,0,IY,,1,622250401,1,393,1,,,,,,,,,,,,,,,,,,,,,,,,1,,,,,,,,,,,,,
1,36,0,SI,33,1,130003810,,97,1,,,,,,,,,,,,,,,,,,,,,,,,,1,,,,,,,,,,,,
1,37,0,IY,,1,621311101,2,,1,,,,,,,,,,,,,,,,,,,,,,,,,1,,,,,,,,,,,,
1,38,0,IY,,1,620006246,6,,1,,,,,,,,,,,,,,,,,,,,,,,,,1,,,,,,,,,,,,
1,39,0,IY,,1,620006611,9,,1,,,,,,,,,,,,,,,,,,,,,,,,,1,,,,,,,,,,,,
1,40,0,IY,,1,643310347,4,,1,,,,,,,,,,,,,,,,,,,,,,,,,1,,,,,,,,,,,,
1,41,0,IY,,1,620006627,3,,1,,,,,,,,,,,,,,,,,,,,,,,,,1,,,,,,,,,,,,
1,42,0,IY,,1,621102102,3,,1,,,,,,,,,,,,,,,,,,,,,,,,,1,,,,,,,,,,,,
1,43,0,IY,,1,620005208,3,,1,,,,,,,,,,,,,,,,,,,,,,,,,1,,,,,,,,,,,,
1,44,0,IY,,1,643230270,1,,1,,,,,,,,,,,,,,,,,,,,,,,,,1,,,,,,,,,,,,
1,45,0,IY,,1,622267401,3,543,1,,,,,,,,,,,,,,,,,,,,,,,,,1,,,,,,,,,,,,
1,46,0,SI,33,1,130003810,,97,1,,,,,,,,,,,,,,,,,,,,,,,,,,1,,,,,,,,,,,
1,47,0,IY,,1,620007344,1,,1,,,,,,,,,,,,,,,,,,,,,,,,,,1,,,,,,,,,,,
1,48,0,IY,,1,622267401,1,,1,,,,,,,,,,,,,,,,,,,,,,,,,,1,,,,,,,,,,,
1,49,0,IY,,1,620005208,3,,1,,,,,,,,,,,,,,,,,,,,,,,,,,1,,,,,,,,,,,
1,50,0,IY,,1,643230270,1,,1,,,,,,,,,,,,,,,,,,,,,,,,,,1,,,,,,,,,,,
1,51,0,IY,,1,643310347,1,98,1,,,,,,,,,,,,,,,,,,,,,,,,,,1,,,,,,,,,,,
1,52,0,SI,40,1,140005610,,65,1,,,,,,,,,,,,,,,,,,,,,,,,,1,,,,,,,,,,,,
1,53,0,TO,,1,739200000,1440,,1,037,0.08,,,,,,,,,,,,,,,,,,,,,,,,,,,1,,,,,,,,,,,,
1,54,0,TO,,1,770020070,,15,1,,,,,,,,,,,,,,,,,,,,,,,,,,,,,1,,,,,,,,,,,,
1,55,0,SI,40,1,140000710,,60,1,,,,,,,,,,,,,,,,,,,,,,,,,,,,,,1,,,,,,,
1,56,0,IY,40,1,660406089,400,22,1,,,,,,,,,,,,,,,,,,,,,,,,1,,,,,,,,,,,,,
1,57,0,IY,40,1,660406089,100,6,2,,,,,,,,,,,,,,,,,,,,,,,,,1,,,,,1,,,,,,,
1,58,0,TO,40,1,739200000,3240,,1,037,0.08,,,,,,,,,,,,,,,,,,,,,,,,,,1,,,,,,,,,,,,,
1,59,0,TO,,1,770020070,,34,1,,,,,,,,,,,,,,,,,,,,,,,,,,,,1,,,,,,,,,,,,,
1,60,0,SI,50,1,150221210,,2550,1,,,,,,,,,,,,,,,,,,,,,,,,1,,,,,,,,,,,,,
1,61,0,SI,50,1,150222110,,22200,1,,,,,,,,,,,,,,,,,,,,,,,,1,,,,,,,,,,,,,
1,62,0,IY,,1,620006611,4,,1,,,,,,,,,,,,,,,,,,,,,,,,1,,,,,,,,,,,,,
1,63,0,IY,,1,620002593,1,,1,,,,,,,,,,,,,,,,,,,,,,,,1,,,,,,,,,,,,,
1,64,0,IY,,1,621311101,2,,1,,,,,,,,,,,,,,,,,,,,,,,,1,,,,,,,,,,,,,
1,65,0,IY,,1,642490022,3,,1,,,,,,,,,,,,,,,,,,,,,,,,1,,,,,,,,,,,,,
1,66,0,IY,,1,620006810,1,,1,,,,,,,,,,,,,,,,,,,,,,,,1,,,,,,,,,,,,,
1,67,0,IY,,1,622250401,1,,1,,,,,,,,,,,,,,,,,,,,,,,,1,,,,,,,,,,,,,
1,68,0,IY,,1,620006627,1,,1,,,,,,,,,,,,,,,,,,,,,,,,1,,,,,,,,,,,,,
1,69,0,IY,,1,640421008,2,585,1,,,,,,,,,,,,,,,,,,,,,,,,1,,,,,,,,,,,,,
1,70,0,TO,,1,730840000,186.69,,1,041,169,,,,,,,,,,,,,,,,,,,,,,,,,,1,,,,,,,,,,,,,
1,71,0,TO,,1,738240000,1,3476,1,010,3210,,,,,,,,,,,,,,,,,,,,,,,,,,1,,,,,,,,,,,,,
1,72,0,SI,54,1,150232710,439,5200,1,,,,,,,,,,,,,,,,,,,,,,,,1,,,,,,,,,,,,,
1,73,0,SI,,1,150282210,,,1,,,,,,,,,,,,,,,,,,,,,,,,1,,,,,,,,,,,,,
1,74,0,SI,,1,150333370,,950,1,,,,,,,,,,,,,,,,,,,,,,,,1,,,,,,,,,,,,,
1,75,0,IY,,1,620007265,2,,1,,,,,,,,,,,,,,,,,,,,,,,,1,,,,,,,,,,,,,
1,76,0,IY,,1,620009577,3,,1,,,,,,,,,,,,,,,,,,,,,,,,1,,,,,,,,,,,,,
1,77,0,IY,,1,640451003,1,,1,,,,,,,,,,,,,,,,,,,,,,,,1,,,,,,,,,,,,,
1,78,0,IY,,1,620006627,1,,1,,,,,,,,,,,,,,,,,,,,,,,,1,,,,,,,,,,,,,
1,79,0,IY,,1,620007263,1,198,1,,,,,,,,,,,,,,,,,,,,,,,,1,,,,,,,,,,,,,
1,80,0,CO,,1,810000001,éZíËì˙Å@ÇPÇWì˙
1,81,0,TO,,1,739200000,690,,1,037,0.08,,,,,,,,,,,,,,,,,,,,,,,,,,1,,,,,,,,,,,,,
1,82,0,TO,,1,770020070,,7,1,,,,,,,,,,,,,,,,,,,,,,,,,,,,1,,,,,,,,,,,,,
1,83,0,CO,60,1,810000001,ååâtäwìIåüç∏îªífóøÇÕï Ç…ÇƒéZíË
1,84,0,CO,60,1,810000001,ê∂âªäwìIåüç∏ÅiÇPÅjîªífóøÇÕï Ç…ÇƒéZíË
1,85,0,CO,60,1,810000001,ñ∆âuäwìIåüç∏îªífóøÇÕï Ç…ÇƒéZíË
1,86,0,SI,60,1,160008010,,21,3,,,,,,,,,,,,,,,,,,,,,,,,1,1,,,,,1,,,,,,,
1,87,0,SI,60,1,160054710,,16,3,,,,,,,,,,,,,,,,,,,,,,,,1,1,,,,,1,,,,,,,
1,88,0,CO,60,1,810000001,ååâtâªäwåüç∏ÅiÇPÇOçÄñ⁄à»è„Åj
1,89,0,SI,,1,160021110,,,1,,,,,,,,,,,,,,,,,,,,,,,,1,,,,,,,,,,,,,
1,90,0,SI,,1,160021410,,,1,,,,,,,,,,,,,,,,,,,,,,,,1,,,,,,,,,,,,,
1,91,0,SI,,1,160019410,,,1,,,,,,,,,,,,,,,,,,,,,,,,1,,,,,,,,,,,,,
1,92,0,SI,,1,160019010,,,1,,,,,,,,,,,,,,,,,,,,,,,,1,,,,,,,,,,,,,
1,93,0,SI,,1,160017410,,,1,,,,,,,,,,,,,,,,,,,,,,,,1,,,,,,,,,,,,,
1,94,0,SI,,1,160019110,,,1,,,,,,,,,,,,,,,,,,,,,,,,1,,,,,,,,,,,,,
1,95,0,SI,,1,160018910,,,1,,,,,,,,,,,,,,,,,,,,,,,,1,,,,,,,,,,,,,
1,96,0,SI,,1,160022610,,,1,,,,,,,,,,,,,,,,,,,,,,,,1,,,,,,,,,,,,,
1,97,0,SI,,1,160022510,,,1,,,,,,,,,,,,,,,,,,,,,,,,1,,,,,,,,,,,,,
1,98,0,SI,,1,160017010,,,1,,,,,,,,,,,,,,,,,,,,,,,,1,,,,,,,,,,,,,
1,99,0,SI,,1,160020410,,,1,,,,,,,,,,,,,,,,,,,,,,,,1,,,,,,,,,,,,,
1,100,0,SI,,1,160019510,,,1,,,,,,,,,,,,,,,,,,,,,,,,1,,,,,,,,,,,,,
1,101,0,SI,,1,160021510,,,1,,,,,,,,,,,,,,,,,,,,,,,,1,,,,,,,,,,,,,
1,102,0,SI,,1,160019310,,112,1,,,,,,,,,,,,,,,,,,,,,,,,1,,,,,,,,,,,,,
1,103,0,SI,60,1,160191510,,15,1,,,,,,,,,,,,,,,,,,,,,,,,1,,,,,,,,,,,,,
1,104,0,SI,60,1,160012310,,29,1,,,,,,,,,,,,,,,,,,,,,,,,1,,,,,,,,,,,,,
1,105,0,SI,,1,160012010,,18,1,,,,,,,,,,,,,,,,,,,,,,,,1,,,,,,,,,,,,,
1,106,0,SI,,1,160191610,,23,1,,,,,,,,,,,,,,,,,,,,,,,,1,,,,,,,,,,,,,
1,107,0,SI,60,1,160192110,,131,1,,,,,,,,,,,,,,,,,,,,,,,,1,,,,,,,,,,,,,
1,108,0,CO,60,1,810000001,ååâtâªäwåüç∏ÅiÇPÇOçÄñ⁄à»è„Åj
1,109,0,SI,,1,160021110,,,1,,,,,,,,,,,,,,,,,,,,,,,,,1,,,,,,,,,,,,
1,110,0,SI,,1,160021410,,,1,,,,,,,,,,,,,,,,,,,,,,,,,1,,,,,,,,,,,,
1,111,0,SI,,1,160019410,,,1,,,,,,,,,,,,,,,,,,,,,,,,,1,,,,,,,,,,,,
1,112,0,SI,,1,160019010,,,1,,,,,,,,,,,,,,,,,,,,,,,,,1,,,,,,,,,,,,
1,113,0,SI,,1,160019110,,,1,,,,,,,,,,,,,,,,,,,,,,,,,1,,,,,,,,,,,,
1,114,0,SI,,1,160022510,,,1,,,,,,,,,,,,,,,,,,,,,,,,,1,,,,,,,,,,,,
1,115,0,SI,,1,160022610,,,1,,,,,,,,,,,,,,,,,,,,,,,,,1,,,,,,,,,,,,
1,116,0,SI,,1,160017010,,,1,,,,,,,,,,,,,,,,,,,,,,,,,1,,,,,,,,,,,,
1,117,0,SI,,1,160017410,,,1,,,,,,,,,,,,,,,,,,,,,,,,,1,,,,,,,,,,,,
1,118,0,SI,,1,160018910,,112,1,,,,,,,,,,,,,,,,,,,,,,,,,1,,,,,,,,,,,,
1,119,0,SI,60,1,160000310,,26,1,,,,,,,,,,,,,,,,,,,,,,,,,1,,,,,,,,,,,,
1,120,0,SI,60,1,160000310,,26,1,,,,,,,,,,,,,,,,,,,,,,,,,,,,,,1,,,,,,,
1,121,0,CO,60,1,810000001,ååâtâªäwåüç∏ÅiÇPÇOçÄñ⁄à»è„Åj
1,122,0,SI,,1,160021110,,,1,,,,,,,,,,,,,,,,,,,,,,,,,,,,,,1,,,,,,,
1,123,0,SI,,1,160021410,,,1,,,,,,,,,,,,,,,,,,,,,,,,,,,,,,1,,,,,,,
1,124,0,SI,,1,160019410,,,1,,,,,,,,,,,,,,,,,,,,,,,,,,,,,,1,,,,,,,
1,125,0,SI,,1,160019010,,,1,,,,,,,,,,,,,,,,,,,,,,,,,,,,,,1,,,,,,,
1,126,0,SI,,1,160019110,,,1,,,,,,,,,,,,,,,,,,,,,,,,,,,,,,1,,,,,,,
1,127,0,SI,,1,160017410,,,1,,,,,,,,,,,,,,,,,,,,,,,,,,,,,,1,,,,,,,
1,128,0,SI,,1,160018910,,,1,,,,,,,,,,,,,,,,,,,,,,,,,,,,,,1,,,,,,,
1,129,0,SI,,1,160022510,,,1,,,,,,,,,,,,,,,,,,,,,,,,,,,,,,1,,,,,,,
1,130,0,SI,,1,160022610,,,1,,,,,,,,,,,,,,,,,,,,,,,,,,,,,,1,,,,,,,
1,131,0,SI,,1,160020410,,,1,,,,,,,,,,,,,,,,,,,,,,,,,,,,,,1,,,,,,,
1,132,0,SI,,1,160017010,,,1,,,,,,,,,,,,,,,,,,,,,,,,,,,,,,1,,,,,,,
1,133,0,SI,,1,160019510,,112,1,,,,,,,,,,,,,,,,,,,,,,,,,,,,,,1,,,,,,,
1,134,0,SI,60,1,160155110,,,1,,,,,,,,,,,,,,,,,,,,,,,,,1,,,,,,,,,,,,
1,135,0,SI,,1,160190470,,770,1,,,,,,,,,,,,,,,,,,,,,,,,,1,,,,,,,,,,,,
1,136,0,SI,60,1,160060010,1,860,1,,,,,,,,,,,,,,,,,,,,,,,,,1,,,,,,,,,,,,
1,137,0,CO,,1,810000001,ÅkëŸî’Ål
1,138,0,SI,60,1,160072910,,,1,,,,,,,,,,,,,,,,,,,,,,,,1,,,,,,,,,,,,,
1,139,0,SI,,1,160000190,,18,1,,,,,,,,,,,,,,,,,,,,,,,,1,,,,,,,,,,,,,
1,140,0,SI,60,1,160073210,,480,1,,,,,,,,,,,,,,,,,,,,,,,,1,,,,,,,,,,,,,
1,141,0,SI,60,1,160155510,,30,1,,,,,,,,,,,,,,,,,,,,,,,,,1,,,,,,,,,,,,
1,142,0,SI,60,1,160072210,,,1,,,,,,,,,,,,,,,,,,,,,,,,,,,,,,1,,,,,,,
1,143,0,SI,,1,160000190,,477,1,,,,,,,,,,,,,,,,,,,,,,,,,,,,,,1,,,,,,,
1,144,0,CO,70,1,810000001,Åkï†ïîÅl
1,145,0,CO,,1,810000001,ï†ïî
1,146,0,SI,,1,170000410,1,,1,,,,,,,,,,,,,,,,,,,,,,,,1,,,,,,,,,,,,,
1,147,0,SI,,1,170027910,1,,1,,,,,,,,,,,,,,,,,,,,,,,,1,,,,,,,,,,,,,
1,148,0,SI,,1,170000210,,210,1,,,,,,,,,,,,,,,,,,,,,,,,1,,,,,,,,,,,,,
1,149,0,CO,90,1,810000001,ëºï€ì¸â@Å@ÇPÇVì˙Å`ÇPÇVì˙
1,150,0,CO,90,1,840000013,ÇQÇWÇOÇUÇQÇT
1,151,0,SI,90,1,190077410,,,6,,,,,,,,,,,,,,,,,,,,,,,,1,,1,1,1,1,1,,,,,,,
1,152,0,SI,,1,190079470,,,6,,,,,,,,,,,,,,,,,,,,,,,,1,,1,1,1,1,1,,,,,,,
1,153,0,SI,,1,190077070,,1800,6,,,,,,,,,,,,,,,,,,,,,,,,1,,1,1,1,1,1,,,,,,,
1,154,0,SI,90,1,190620001,,0,6,,,,,,,,,,,,,,,,,,,,,,,,1,,1,1,1,1,1,,,,,,,
1,155,0,SI,90,1,190077410,,,1,,,,,,,,,,,,,,,,,,,,,,,,,1,,,,,,,,,,,,
1,156,0,SI,,1,190079470,,,1,,,,,,,,,,,,,,,,,,,,,,,,,1,,,,,,,,,,,,
1,157,0,SI,,1,190077070,,,1,,,,,,,,,,,,,,,,,,,,,,,,,1,,,,,,,,,,,,
1,158,0,SI,,1,190105570,,1825,1,,,,,,,,,,,,,,,,,,,,,,,,,1,,,,,,,,,,,,
1,159,0,SI,90,1,190620001,,0,1,,,,,,,,,,,,,,,,,,,,,,,,,1,,,,,,,,,,,,
1,160,0,SI,90,1,190077410,,,1,,,,,,,,,,,,,,,,,,,,,,,,,,,,,,,1,,,,,,
1,161,0,SI,,1,190079470,,,1,,,,,,,,,,,,,,,,,,,,,,,,,,,,,,,1,,,,,,
1,162,0,SI,,1,190077070,,,1,,,,,,,,,,,,,,,,,,,,,,,,,,,,,,,1,,,,,,
1,163,0,SI,,1,190149210,,1950,1,,,,,,,,,,,,,,,,,,,,,,,,,,,,,,,1,,,,,,
1,164,0,SI,90,1,190620001,,0,1,,,,,,,,,,,,,,,,,,,,,,,,,,,,,,,1,,,,,,
1,165,0,SI,97,1,197000110,1,640,1,,,,,,,,,,,,,,,,,,,,,,,,,1,,,,,,,,,,,,
1,166,0,SI,97,1,197000110,3,1920,5,,,,,,,,,,,,,,,,,,,,,,,,,,1,1,1,1,1,,,,,,,
1,167,0,SI,97,1,197000110,2,1280,1,,,,,,,,,,,,,,,,,,,,,,,,,,,,,,,1,,,,,,
1,168,0,SI,97,1,197000570,,50,7,,,,,,,,,,,,,,,,,,,,,,,,,1,1,1,1,1,1,1,,,,,,
1,169,0,SI,97,1,197000810,1,460,1,,,,,,,,,,,,,,,,,,,,,,,,,1,,,,,,,,,,,,
1,170,0,SI,97,1,197000810,3,1380,5,,,,,,,,,,,,,,,,,,,,,,,,,,1,1,1,1,1,,,,,,,
1,171,0,SI,97,1,197000810,2,920,1,,,,,,,,,,,,,,,,,,,,,,,,,,,,,,,1,,,,,,
1,172,0,SJ,90,Åyè«èÛè⁄ãLÅz
1,173,0,SJ,,ï™ïÿí‚é~ÇÃÇΩÇﬂãzà¯ïÿèoèpé{çsÇµÇΩÇ™ÅAÇTâÒé{çsÇ∑ÇÈÇ‡ïÿèoÇ≈Ç´Ç∏ÅAéôì™çúî’ïsãœçtÅAâÒê˘àŸèÌÅAÇmÇqÇeÇrÇÃêfífÇ≈â∆ë∞Ç÷ê‡ñæÇÃÇ§Ç¶ÅAãŸã}íÈâ§êÿäJèpÇé{çsÇµÇΩÅB
2,174,1,EX,,,,,,,,,,,,1:43005:
2,175,1,EX,,,,,,,,,,,,eF61lrFOwzAQhp/nNudysSwrylCEEIiKBSHEQAdWJEY2BCIdKlS16lDxJoiJganiEZiAgYkHYOMubpq2dlFpgqUkdRXfn//O9yWYGK2UTYjP5UhUomPUhIkMbWNV/OCx02ofbkGxAuTkVmgNCKQwUpYMZoQmWp6WoflGVRwKePAl2T852mvzX1bzdCmmRJW7sFihYNdoNLNQ0O+MzvPJ3dX4+/apezZ+GVyMujfvUMQ3IkO8Rg5UczqRr0O1dKzEL4+Zn0ieYsmP3lzHGvbDOgo46QuG0AaUjKdkKKoylz/kk9Fj/3L42v0aXOfPvdP8Y9wZ3ueT3mf+5jIY8+MHnaEl35ptSHBaLinbLJVorS+YNiIYrh3a1BfMGhIMOkylI5Z2izTR4u7fpIZZuIZpYNPEDQmGHYb6W9qzCYsMhcImX1czSrp8yqhIxUyw+SkjK854OSpOO9eC4cFnAItSmd8wRQVopGf+F1P8+LV0wlvdxxRx22/s50+YInCYms/cJlt8bUwROEzVFwxucR9TBA5TdQXDtQtgisBhqr5g0KGPKQKHqbqCa2OKwGGqvmDYoYcp7m+HqfqKa2FKuq/EFBr+tlqY2gpTRsBUYEphBaqVn2jSa2VcQiVZrKaMrhn+5GXr4lZRtw+OW8EPP7lVFvDrJPkBpxrn2AAA
2,176,0,RC,Ver0000165e6f365a57bb087eefaa15098b11d1d
2,177,1,RC,Ver0000160fe2a37810c10643da448b0b67e858eba5fa204
 2,1,0,MN,910000004,ìåãûìsç`ãÊêVã¥,13143005910000004,,,
1,2,0,IR,1,13,1,9999913,,ÉTÉìÉvÉãïaâ@,43005,00,03-9999-9999
1,3,0,RE,6,1123,43004,ÉTÉìÉvÉãÅ@å‹,1,4280223,,4300426,,,,,,,,,,,,,27,,,,,,,,,,,,,,,,
1,4,0,HO,06132013,ÇPÇQÇRÇSÇTÇUÇV,ÇP,3,9475,,7,4630,,,,,,
1,5,0,KO,88132121,2222222,,3,9475,,,,,0,0
1,6,0,SY,8840014,4280224,1,,,01,
1,7,0,SY,3829027,4280224,1,,,,
1,8,0,SY,4742002,4280224,1,,,,
1,9,0,SY,7650004,4280224,1,,,,
1,10,0,SY,4739014,4280224,1,,,,
1,11,0,SY,3814010,4280306,1,2058,,,
1,12,0,SY,8832434,4280323,1,,,,
1,13,0,SY,0389004,4300327,1,,,,
1,14,0,SY,4640013,4300327,1,,,,
1,15,0,CO,21,2,840000006,ÇOÇV
1,16,0,IY,,2,620007100,6,4,7,,,,,,,,,7,,,,,,,,,,,,,,,,,,,,,,,,,,,,
1,17,0,SI,24,2,120001110,,7,3,,,,,,,1,1,1,,,,,,,,,,,,,,,,,,,,,,,,,,,,
1,18,0,SI,27,2,120001710,,42,1,,,,,,,,,1,,,,,,,,,,,,,,,,,,,,,,,,,,,,
1,19,0,CO,90,2,840000013,ÇQÇWÇOÇTÇOÇR
1,20,0,SI,92,2,190111210,,,2,,,,,,,1,1,,,,,,,,,,,,,,,,,,,,,,,,,,,,,
1,21,0,SI,,2,190077070,,3078,2,,,,,,,1,1,,,,,,,,,,,,,,,,,,,,,,,,,,,,,
1,22,0,CO,,2,810000001,éZíËì˙Å@ÇOÇPì˙Å`ÇOÇQì˙
1,23,0,SI,92,2,190111210,,,1,,,,,,,,,1,,,,,,,,,,,,,,,,,,,,,,,,,,,,
1,24,0,SI,,2,190149210,,,1,,,,,,,,,1,,,,,,,,,,,,,,,,,,,,,,,,,,,,
1,25,0,SI,,2,190077070,,3228,1,,,,,,,,,1,,,,,,,,,,,,,,,,,,,,,,,,,,,,
1,26,0,CO,,2,810000001,éZíËì˙Å@ÇOÇRì˙
1,27,0,SI,97,1,197000110,3,1920,2,,,,,,,1,1,,,,,,,,,,,,,,,,,,,,,,,,,,,,,
1,28,0,SI,97,1,197000110,1,640,1,,,,,,,,,1,,,,,,,,,,,,,,,,,,,,,,,,,,,,
1,29,0,SI,97,1,197000570,,50,3,,,,,,,1,1,1,,,,,,,,,,,,,,,,,,,,,,,,,,,,
1,30,0,SI,97,1,197000810,3,1380,2,,,,,,,1,1,,,,,,,,,,,,,,,,,,,,,,,,,,,,,
1,31,0,SI,97,1,197000810,1,460,1,,,,,,,,,1,,,,,,,,,,,,,,,,,,,,,,,,,,,,
2,32,1,EX,,,,,,,,,,,,1:43005:
2,33,1,EX,,,,,,,,,,,,eF69k79KBDEQxp9nusnsZBmCpDgRUe64RkQs9DFsLWJxhXhYiG9yWFvdM1wlFla+gzPZdXP/EW5xIBlm2W++JL+EvNSIwXPELjz6GByiJ1cF9BoklLPF6WB0cQxZBTY1MiEgYCSHgYUik7j18re//oh5IGho8sPry/NR1mu51jN/NUFWIJyJsK6tCYA0S/Pnt8e76eLh++k+vU9u0ufL7fQ1zSdf6QOyT8WaSLXtKH71ph/34qeO2/xk06/uyY9bP827EdnmWkSOqD5aKRVhFQWRUNHZiecZIJBh2UfJztco6Sn/CyXdRi9+f6XE0FA6dH+26uYW7qVkZh0lCXG1dIWSXSfMlJAKp50PVJYaMYVlGy2l9A1d39L1ZHw12PrsbQkmUPL+BydFJDMA
2,34,0,RC,Ver00001537361b01c22b0e53d41630ddc1532ac
2,35,1,RC,Ver00001c81fcb7a2adf4098f6e9b652e6263bd205639a3e
 2,1,0,MN,910000005,ìåãûìsç`ãÊêVã¥,13143005910000005,,,
1,2,0,IR,1,13,1,9999913,,ÉTÉìÉvÉãïaâ@,43005,00,03-9999-9999
1,3,0,RE,8,1113,43004,ÉTÉìÉvÉãÅ@òZ,1,4300406,,4300406,,,28,,,,,,,,,,09,,,,,,,,,,,,,,,,
1,4,0,HO,06132013,ÇPÇQÇRÇSÇTÇUÇV,ÇP,3,11615,,0,0,,,,,,
1,5,0,SY,7706001,4300406,1,,,,
1,6,0,SY,7708001,4300406,1,,,,
1,7,0,SY,7746003,4300406,1,,,,
1,8,0,SY,7756001,4300406,1,,,,
1,9,0,SY,7760001,4300406,1,,,,
1,10,0,SY,8840563,4300406,1,,,,
1,11,0,SI,11,1,111000110,,,1,,,,,,,,,,,,1,,,,,,,,,,,,,,,,,,,,,,,,,
1,12,0,SI,,1,111011970,,482,1,,,,,,,,,,,,1,,,,,,,,,,,,,,,,,,,,,,,,,
1,13,0,SI,13,1,180016110,,250,1,,,,,,,,,,,,,,1,,,,,,,,,,,,,,,,,,,,,,,
1,14,0,SI,,1,113009470,,200,1,,,,,,,,,,,,,,1,,,,,,,,,,,,,,,,,,,,,,,
1,15,0,CO,,1,810000001,äÓã‡ïaâ@
1,16,0,SI,33,1,130003710,,,1,,,,,,,,,,,,,1,,,,,,,,,,,,,,,,,,,,,,,,
1,17,0,SI,,1,130009470,,143,1,,,,,,,,,,,,,1,,,,,,,,,,,,,,,,,,,,,,,,
1,18,0,IY,,1,643230297,0.35,7,1,,,,,,,,,,,,,1,,,,,,,,,,,,,,,,,,,,,,,,
1,19,0,IY,33,1,643230297,0.082,,1,,,,,,,,,,,,1,,,,,,,,,,,,,,,,,,,,,,,,,
1,20,0,IY,,1,620717601,1,9,1,,,,,,,,,,,,1,,,,,,,,,,,,,,,,,,,,,,,,,
1,21,0,IY,33,1,643230297,0.18,,1,,,,,,,,,,,,,,1,,,,,,,,,,,,,,,,,,,,,,,
1,22,0,IY,,1,620004194,1,16,1,,,,,,,,,,,,,,1,,,,,,,,,,,,,,,,,,,,,,,
1,23,0,SI,40,1,140005610,,65,3,,,,,,,,,,,,1,1,1,,,,,,,,,,,,,,,,,,,,,,,
1,24,0,TO,,1,739200000,1435,,3,037,0.08,,,,,,,,,,,,,,1,1,1,,,,,,,,,,,,,,,,,,,,,,,
1,25,0,TO,,1,770020070,,15,3,,,,,,,,,,,,,,,,1,1,1,,,,,,,,,,,,,,,,,,,,,,,
1,26,0,SI,60,1,160061810,,,1,,,,,,,,,,,,1,,,,,,,,,,,,,,,,,,,,,,,,,
1,27,0,SI,,1,160182770,,225,1,,,,,,,,,,,,1,,,,,,,,,,,,,,,,,,,,,,,,,
1,28,0,SI,60,1,160061910,,144,1,,,,,,,,,,,,1,,,,,,,,,,,,,,,,,,,,,,,,,
1,29,0,SI,60,1,160062110,,144,1,,,,,,,,,,,,1,,,,,,,,,,,,,,,,,,,,,,,,,
1,30,0,SI,60,1,160062210,,150,1,,,,,,,,,,,,,1,,,,,,,,,,,,,,,,,,,,,,,,
1,31,0,SI,60,1,160027710,,140,6,,,,,,,,,,,,2,3,1,,,,,,,,,,,,,,,,,,,,,,,
1,32,0,SI,60,1,160008010,,21,3,,,,,,,,,,,,1,1,1,,,,,,,,,,,,,,,,,,,,,,,
1,33,0,SI,60,1,160008210,,25,3,,,,,,,,,,,,1,1,1,,,,,,,,,,,,,,,,,,,,,,,
1,34,0,SI,60,1,160000750,,11,2,,,,,,,,,,,,1,1,,,,,,,,,,,,,,,,,,,,,,,,
1,35,0,SI,60,1,160054710,,16,1,,,,,,,,,,,,1,,,,,,,,,,,,,,,,,,,,,,,,,
1,36,0,SI,,1,160055210,,38,1,,,,,,,,,,,,1,,,,,,,,,,,,,,,,,,,,,,,,,
1,37,0,SI,,1,160055010,,38,1,,,,,,,,,,,,1,,,,,,,,,,,,,,,,,,,,,,,,,
1,38,0,SI,,1,160055310,,38,1,,,,,,,,,,,,1,,,,,,,,,,,,,,,,,,,,,,,,,
1,39,0,CO,60,1,810000001,ååâtâªäwåüç∏ÅiÇPÇOçÄñ⁄à»è„Åj
1,40,0,SI,,1,160161510,,20,1,,,,,,,,,,,,1,,,,,,,,,,,,,,,,,,,,,,,,,
1,41,0,SI,,1,160021110,,,1,,,,,,,,,,,,1,,,,,,,,,,,,,,,,,,,,,,,,,
1,42,0,SI,,1,160021410,,,1,,,,,,,,,,,,1,,,,,,,,,,,,,,,,,,,,,,,,,
1,43,0,SI,,1,160019410,,,1,,,,,,,,,,,,1,,,,,,,,,,,,,,,,,,,,,,,,,
1,44,0,SI,,1,160019010,,,1,,,,,,,,,,,,1,,,,,,,,,,,,,,,,,,,,,,,,,
1,45,0,SI,,1,160019110,,,1,,,,,,,,,,,,1,,,,,,,,,,,,,,,,,,,,,,,,,
1,46,0,SI,,1,160017410,,,1,,,,,,,,,,,,1,,,,,,,,,,,,,,,,,,,,,,,,,
1,47,0,SI,,1,160018910,,,1,,,,,,,,,,,,1,,,,,,,,,,,,,,,,,,,,,,,,,
1,48,0,SI,,1,160022510,,,1,,,,,,,,,,,,1,,,,,,,,,,,,,,,,,,,,,,,,,
1,49,0,SI,,1,160022610,,,1,,,,,,,,,,,,1,,,,,,,,,,,,,,,,,,,,,,,,,
1,50,0,SI,,1,160017010,,,1,,,,,,,,,,,,1,,,,,,,,,,,,,,,,,,,,,,,,,
1,51,0,SI,,1,160020410,,,1,,,,,,,,,,,,1,,,,,,,,,,,,,,,,,,,,,,,,,
1,52,0,SI,,1,160019510,,,1,,,,,,,,,,,,1,,,,,,,,,,,,,,,,,,,,,,,,,
1,53,0,SI,,1,160020610,,,1,,,,,,,,,,,,1,,,,,,,,,,,,,,,,,,,,,,,,,
1,54,0,SI,,1,160021510,,112,1,,,,,,,,,,,,1,,,,,,,,,,,,,,,,,,,,,,,,,
1,55,0,SI,60,1,160026710,,55,2,,,,,,,,,,,,,1,1,,,,,,,,,,,,,,,,,,,,,,,
1,56,0,CO,60,1,810000001,ååâtâªäwåüç∏ÅiÇPÇOçÄñ⁄à»è„Åj
1,57,0,SI,,1,160021110,,,2,,,,,,,,,,,,,1,1,,,,,,,,,,,,,,,,,,,,,,,
1,58,0,SI,,1,160021410,,,2,,,,,,,,,,,,,1,1,,,,,,,,,,,,,,,,,,,,,,,
1,59,0,SI,,1,160019410,,,2,,,,,,,,,,,,,1,1,,,,,,,,,,,,,,,,,,,,,,,
1,60,0,SI,,1,160021510,,,2,,,,,,,,,,,,,1,1,,,,,,,,,,,,,,,,,,,,,,,
1,61,0,SI,,1,160020610,,,2,,,,,,,,,,,,,1,1,,,,,,,,,,,,,,,,,,,,,,,
1,62,0,SI,,1,160019510,,,2,,,,,,,,,,,,,1,1,,,,,,,,,,,,,,,,,,,,,,,
1,63,0,SI,,1,160017010,,,2,,,,,,,,,,,,,1,1,,,,,,,,,,,,,,,,,,,,,,,
1,64,0,SI,,1,160022610,,,2,,,,,,,,,,,,,1,1,,,,,,,,,,,,,,,,,,,,,,,
1,65,0,SI,,1,160022510,,,2,,,,,,,,,,,,,1,1,,,,,,,,,,,,,,,,,,,,,,,
1,66,0,SI,,1,160018910,,,2,,,,,,,,,,,,,1,1,,,,,,,,,,,,,,,,,,,,,,,
1,67,0,SI,,1,160017410,,,2,,,,,,,,,,,,,1,1,,,,,,,,,,,,,,,,,,,,,,,
1,68,0,SI,,1,160019110,,,2,,,,,,,,,,,,,1,1,,,,,,,,,,,,,,,,,,,,,,,
1,69,0,SI,,1,160019010,,112,2,,,,,,,,,,,,,1,1,,,,,,,,,,,,,,,,,,,,,,,
1,70,0,SI,60,1,160054710,,16,2,,,,,,,,,,,,,1,1,,,,,,,,,,,,,,,,,,,,,,,
1,71,0,SI,60,1,160058610,,,1,,,,,,,,,,,,,1,,,,,,,,,,,,,,,,,,,,,,,,
1,72,0,SI,,1,160058970,,325,1,,,,,,,,,,,,,1,,,,,,,,,,,,,,,,,,,,,,,,
1,73,0,CO,60,1,810000001,èââÒéZíËì˙Å@ÇQÇWîNÅ@ÇTåéÅ@ÇUì˙
1,74,0,SI,,1,160102510,,150,3,,,,,,,,,,,,1,1,1,,,,,,,,,,,,,,,,,,,,,,,
1,75,0,SI,60,1,160155510,,,3,,,,,,,,,,,,1,1,1,,,,,,,,,,,,,,,,,,,,,,,
1,76,0,SI,,1,160155290,,60,3,,,,,,,,,,,,1,1,1,,,,,,,,,,,,,,,,,,,,,,,
1,77,0,CO,70,1,810000001,Åkè„ï†ïîÅl
1,78,0,CO,,1,810000001,ï†ïî
1,79,0,SI,,1,170000410,1,,3,,,,,,,,,,,,1,1,1,,,,,,,,,,,,,,,,,,,,,,,
1,80,0,SI,,1,170027910,1,,3,,,,,,,,,,,,1,1,1,,,,,,,,,,,,,,,,,,,,,,,
1,81,0,SI,,1,170017170,,,3,,,,,,,,,,,,1,1,1,,,,,,,,,,,,,,,,,,,,,,,
1,82,0,SI,,1,170000210,,264,3,,,,,,,,,,,,1,1,1,,,,,,,,,,,,,,,,,,,,,,,
1,83,0,CO,90,1,840000013,ÇQÇWÇOÇTÇOÇW
1,84,0,SI,90,1,190077410,,,1,,,,,,,,,,,,1,,,,,,,,,,,,,,,,,,,,,,,,,
1,85,0,SI,,1,190079470,,,1,,,,,,,,,,,,1,,,,,,,,,,,,,,,,,,,,,,,,,
1,86,0,SI,,1,190100370,,,1,,,,,,,,,,,,1,,,,,,,,,,,,,,,,,,,,,,,,,
1,87,0,SI,,1,190077070,,,1,,,,,,,,,,,,1,,,,,,,,,,,,,,,,,,,,,,,,,
1,88,0,SI,,1,190105570,,,1,,,,,,,,,,,,1,,,,,,,,,,,,,,,,,,,,,,,,,
1,89,0,SI,,1,190147210,,,1,,,,,,,,,,,,1,,,,,,,,,,,,,,,,,,,,,,,,,
1,90,0,SI,,1,190147470,,,1,,,,,,,,,,,,1,,,,,,,,,,,,,,,,,,,,,,,,,
1,91,0,SI,,1,190120510,,2430,1,,,,,,,,,,,,1,,,,,,,,,,,,,,,,,,,,,,,,,
1,92,0,SI,90,1,190077410,,,1,,,,,,,,,,,,,1,,,,,,,,,,,,,,,,,,,,,,,,
1,93,0,SI,,1,190079470,,,1,,,,,,,,,,,,,1,,,,,,,,,,,,,,,,,,,,,,,,
1,94,0,SI,,1,190077070,,,1,,,,,,,,,,,,,1,,,,,,,,,,,,,,,,,,,,,,,,
1,95,0,SI,,1,190105570,,1825,1,,,,,,,,,,,,,1,,,,,,,,,,,,,,,,,,,,,,,,
1,96,0,SI,90,1,190077410,,,1,,,,,,,,,,,,,,1,,,,,,,,,,,,,,,,,,,,,,,
1,97,0,SI,,1,190079470,,,1,,,,,,,,,,,,,,1,,,,,,,,,,,,,,,,,,,,,,,
1,98,0,SI,,1,190077070,,,1,,,,,,,,,,,,,,1,,,,,,,,,,,,,,,,,,,,,,,
1,99,0,SI,,1,190105570,,,1,,,,,,,,,,,,,,1,,,,,,,,,,,,,,,,,,,,,,,
1,100,0,SI,,1,190149210,,1975,1,,,,,,,,,,,,,,1,,,,,,,,,,,,,,,,,,,,,,,
2,101,0,HO,06132013,ÇPÇQÇRÇSÇTÇUÇV,ÇP,3,11505,,0,0,,,,,,
2,102,0,JY,2,4,0,,,101,0,
2,103,0,JY,3,55,0,,C,,,
2,104,1,EX,,,,,,,,,,,,1:43005:
2,105,1,EX,,,,,,,,,,,,eF61l89rE0EUx/+euc3Ozi7DsCw1wYrFkosG9WDB2pvgsXoRTSeREEJKKKGI6J9QvCg9lB56CuK5B0GIHrzoH+DN92ayP2eydM12yybddt989735zufNskCElMqA+jQ9Ahr4nAoa5I9bre27baJvJvhh7pYeYYRT5lHJBYs5E175MhkWbqT6pAQO+AruPOxubWO8gMvSmDgq3sV0BCW3RchEOhQZ70yfqvno5ezvwXl/d/Zl8mzaf/2D6PEFynCIwZPRnE5s63BLR3Av01Gf1Xx6Ot4//Nb/M3mlLoaP1M/ZzuGxmg9/qYXRixI90ELNNC/PkVe4vp4PKphXcmZ60s5PNKS3rGUhP5/berIRvdCZnx/aelFDes78IlsvbkRPuPNz+BOXU3Ed1PYn+AVdYPyS9yd6yFp4fkOCAAidJHynBpUOgzJcMzpDWIq40oXXbUewAhn8wD/ePn53qn6rhXqi9gatwebggZqP7x3l1h5zFjNGFJShklKlWmv0/c3l8Yv3+7OTo0Vvdzg8eN7bK6sWp3AlHZEvSzp6jFGsbnYZRsSPgWqMwjRjCfQnIRKKUg1IAIAuG+R+rYDEOpV1ahtwJSBtP3BiAOk3bQeXVMJGvizhtTmPE4NFmK2mjZf0ULvXcGLYmLdI7amr0Ws4MWxcX8/FKrvXcGLYuK7eVXsNJwaN6+s587N6Dfb49deehr9rs+BbzQYEbaj8j2Ou3G1AsQG86BTz7WYljJEtKX2FxPLmLuMMxlCyJYwpy3B8o9PdasPfbZaAh/RUhaQLNEcsI/OKjakq2lRBR3OIhvbHoximv94oBp0MR4nJJqkZbWiI0ZqHNaMBcJA3ZsA86OZ4QJmKz0+DqhoArZIRfBwB+FWoYXU0sGcZDb0UHr8cm3DSNXeGI5B/M31gpf2wwonf4E0pvzXgTIaZ/SQYCDf5+b3A6tKhWXmIpoPiQxj8arLP3hCqguExkmC0LWUSX+7qjQHOS8bgZPp1ctnv
2,106,1,EX,,,,,,,,,,,,jM/6n9RFb2P4YfSxt5HsnsoPdrNzv+V8q8QNEO4WcRv0D0L/AMIA
2,107,0,RC,Ver0000114dc000d274c34574a083b0e904e7f2a
2,108,1,RC,Ver0000115dcfc6308b6af094c687c66a778691c37778f9c
 2,1,0,MN,910000006,ìåãûìsç`ãÊêVã¥,13143005910000006,,,
1,2,0,IR,1,13,1,9999913,,ÉTÉìÉvÉãïaâ@,43005,00,03-9999-9999
1,3,0,RE,1,1128,43004,ÉTÉìÉvÉãÅ@àÍ,1,3200723,,,,,,500,,,,,,,,,08,,,,,,,,,,,,,,,,
1,4,0,HO,06132013,ÇPÇQÇRÇSÇTÇUÇV,ÇP,1,1162,,,,,,,,,
1,5,0,KO,80136120,2222222,,1,1162,1162,,,,,
1,6,0,SY,4139007,4071017,1,,,,
1,7,0,SY,2500013,4080501,1,,,,
1,8,0,SY,8839948,4090407,1,,,,
1,9,0,SY,7906015,4150717,1,,,,
1,10,0,SY,2720004,4181102,1,,,,
1,11,0,SY,8839792,4181228,1,,,,
1,12,0,SY,5319009,4200125,1,,,,
1,13,0,SY,5280017,4210406,1,,,,
1,14,0,SY,4276009,4210527,1,,,,
1,15,0,SY,7159004,4210608,1,,,,
1,16,0,SY,8840829,4221129,1,,,,
1,17,0,SY,8844391,4230126,1,,,01,
1,18,0,SY,7948001,4230126,1,,,,
1,19,0,SY,4770002,4230328,1,,,,
1,20,0,SY,8838926,4230627,1,,,,
1,21,0,SY,4900009,4250527,1,,,,
1,22,0,SY,2113008,4251028,1,,,,
1,23,0,SY,7840024,4260217,1,,,,
1,24,0,SY,8846372,4260822,1,,,01,
1,25,0,SY,8833031,4270408,1,,,,
1,26,0,SY,8838798,4270409,1,,,01,
1,27,0,SY,4289015,4271127,1,,,,
1,28,0,SY,8846942,4280325,1,,,,
1,29,0,SY,8835128,4280527,4,8002,,,
1,30,0,SI,12,2,112011310,,73,1,,,,,,,,,,,,,,,,,,,,,,,,,,,,,,,,,1,,,,
1,31,0,SI,60,2,160170170,,40,1,,,,,,,,,,,,,,,,,,,,,,,,,,,,,,,,,1,,,,
1,32,0,SI,60,2,160061710,,34,1,,,,,,,,,,,,,,,,,,,,,,,,,,,,,,,,,1,,,,
1,33,0,SI,60,2,160061810,,125,1,,,,,,,,,,,,,,,,,,,,,,,,,,,,,,,,,1,,,,
1,34,0,SI,60,2,160061910,,144,1,,,,,,,,,,,,,,,,,,,,,,,,,,,,,,,,,1,,,,
1,35,0,SI,60,2,160062010,,144,1,,,,,,,,,,,,,,,,,,,,,,,,,,,,,,,,,1,,,,
1,36,0,SI,60,2,160062110,,144,1,,,,,,,,,,,,,,,,,,,,,,,,,,,,,,,,,1,,,,
1,37,0,SI,60,2,160162350,,136,1,,,,,,,,,,,,,,,,,,,,,,,,,,,,,,,,,1,,,,
1,38,0,SI,60,2,160010010,,49,1,,,,,,,,,,,,,,,,,,,,,,,,,,,,,,,,,1,,,,
1,39,0,SI,60,2,160012310,,29,1,,,,,,,,,,,,,,,,,,,,,,,,,,,,,,,,,1,,,,
1,40,0,SI,,2,160012010,,18,1,,,,,,,,,,,,,,,,,,,,,,,,,,,,,,,,,1,,,,
1,41,0,SI,60,2,160054710,,16,1,,,,,,,,,,,,,,,,,,,,,,,,,,,,,,,,,1,,,,
1,42,0,CO,60,2,810000001,ååâtâªäwåüç∏ÅiÇPÇOçÄñ⁄à»è„Åj
1,43,0,SI,,2,160019410,,,1,,,,,,,,,,,,,,,,,,,,,,,,,,,,,,,,,1,,,,
1,44,0,SI,,2,160019110,,,1,,,,,,,,,,,,,,,,,,,,,,,,,,,,,,,,,1,,,,
1,45,0,SI,,2,160022610,,,1,,,,,,,,,,,,,,,,,,,,,,,,,,,,,,,,,1,,,,
1,46,0,SI,,2,160020610,,,1,,,,,,,,,,,,,,,,,,,,,,,,,,,,,,,,,1,,,,
1,47,0,SI,,2,160020410,,,1,,,,,,,,,,,,,,,,,,,,,,,,,,,,,,,,,1,,,,
1,48,0,SI,,2,160167250,,,1,,,,,,,,,,,,,,,,,,,,,,,,,,,,,,,,,1,,,,
1,49,0,SI,,2,160023410,,,1,,,,,,,,,,,,,,,,,,,,,,,,,,,,,,,,,1,,,,
1,50,0,SI,,2,160020910,,,1,,,,,,,,,,,,,,,,,,,,,,,,,,,,,,,,,1,,,,
1,51,0,SI,,2,160019310,,,1,,,,,,,,,,,,,,,,,,,,,,,,,,,,,,,,,1,,,,
1,52,0,SI,,2,160021410,,,1,,,,,,,,,,,,,,,,,,,,,,,,,,,,,,,,,1,,,,
1,53,0,SI,,2,160021110,,,1,,,,,,,,,,,,,,,,,,,,,,,,,,,,,,,,,1,,,,
1,54,0,SI,,2,160019010,,,1,,,,,,,,,,,,,,,,,,,,,,,,,,,,,,,,,1,,,,
1,55,0,SI,,2,160022510,,,1,,,,,,,,,,,,,,,,,,,,,,,,,,,,,,,,,1,,,,
1,56,0,SI,,2,160017010,,,1,,,,,,,,,,,,,,,,,,,,,,,,,,,,,,,,,1,,,,
1,57,0,SI,,2,160017410,,,1,,,,,,,,,,,,,,,,,,,,,,,,,,,,,,,,,1,,,,
1,58,0,SI,,2,160018910,,,1,,,,,,,,,,,,,,,,,,,,,,,,,,,,,,,,,1,,,,
1,59,0,SI,,2,160019510,,112,1,,,,,,,,,,,,,,,,,,,,,,,,,,,,,,,,,1,,,,
1,60,0,SI,60,2,160095710,,30,1,,,,,,,,,,,,,,,,,,,,,,,,,,,,,,,,,1,,,,
1,61,0,SI,80,2,120002910,,68,1,,,,,,,,,,,,,,,,,,,,,,,,,,,,,,,,,1,,,,
1,62,0,CO,,2,810000001,èzä¬äÌâ»
2,63,1,EX,,,,,,,,,,,,1:43005:
2,64,1,EX,,,,,,,,,,,,eF4zMrUwMzCwMjUwNIADUwNTYxNjG1MjIxsTUyQAAMUUCNsA
2,65,0,RC,Ver00001da60687f6e61ae6f58385a1acee14152
2,66,1,RC,Ver000015ff46eff1e92594854b243d9a9bd4dea4235c21e
 2,1,0,MN,910000007,ìåãûìsç`ãÊêVã¥,13143005910000007,,,
1,2,0,IR,1,13,1,9999913,,ÉTÉìÉvÉãïaâ@,43005,00,03-9999-9999
1,3,0,RE,3,1118,43004,ÉTÉìÉvÉãÅ@ìÒ,1,3180717,,,,,,500,,,,,,,,,01,,,,,,,,,,,,,,,,
1,4,0,HO,06132013,ÇPÇQÇRÇSÇTÇUÇV,ÇP,1,141,,,,,,,,,
1,5,0,SY,8845988,4300409,1,,,01,
1,6,0,CO,01,1,810000001,ëºâ»éÛêfíÜÇ…ÇƒèâêfóøéZíËÇπÇ∏
1,7,0,SI,12,1,112011310,,73,1,,,,,,,,,,,,,,,,,,,,,,,,,,,,,,,,,1,,,,
1,8,0,SI,80,1,120002910,,68,1,,,,,,,,,,,,,,,,,,,,,,,,,,,,,,,,,1,,,,
1,9,0,CO,,1,810000001,ì‡â»
2,10,0,HO,06132013,ÇPÇQÇRÇSÇTÇUÇV,ÇP,1,73,,,,,,,,,
2,11,0,JY,2,4,0,,,10,0,
2,12,0,JY,3,8,0,,D,,,
2,13,1,EX,,,,,,,,,,,,1:43005:
2,14,1,EX,,,,,,,,,,,,eF7tVD1LA0EQ/T3TzW72juUIh0ZFESWNBvE3WFipbeIEkaCxkKBBgoXB0kYsFRHEaP5AQPxAY6fYiZ0zl9ydiUkgvQuX7Bzz3s2+tzPasS6i56DGaDnoeMo60fJd3k6mZufGIEgG+Wll+xY0GNQKPWO1b7RV3WFIy4kYPAi8+M+ZWcxMz/IrxVEXpZBKkjZgABGsykwwkUWdRBcgt1/6Xh+h2u5pobExX1zOvx+sVi6oLm/zaaoVs+Wv17PKxcEe3bX29Ln5WV6jc3opNgvbVNtZqlwXVrIPVN2a332mM2rSDR1Rg85z46WTbDP7VrneGMnf061Em1ulJ7pqM9UCpiodtrhyqa4q7gLGWzqmS2as8/6RPmJ+qgKf2QUlarDq4dNfYdYgVFhpdJMdoacg4Vtk/1h5YRTBWGBPi9LojKYz02O9RJZkEdmFDKOlpj8VDcBKTW2sYaxhc0yCPzkMhxtwaPm+D1MwFNZGWCNiDoX1gDHBubXiSyYrqToZBurGBoT4hOC7lBuI9SMs+8UGdeg1EMn28jlFLXE22T5yfH36dpOBRCAWt+p/N1n2/Vc3WcuGxM1leXxF3WSDWSXdJO0R9lPfOSg3sj0HldGuaB6HFmNeL+KNWSfSC6me01VKEAAPTucHajXCCgAA
2,15,0,RC,Ver000014c4cca206486c698c7d54016b0f46788
2,16,1,RC,Ver0000101f8aae315876e2f82df07c9b96bcfb4bf7bbd7e
 2,1,0,MN,910000008,ìåãûìsç`ãÊêVã¥,13143005910000008,,,
1,2,0,IR,1,13,1,9999913,,ÉTÉìÉvÉãïaâ@,43005,00,03-9999-9999
1,3,0,RE,4,1120,43004,ÉTÉìÉvÉãÅ@éO,1,3200906,,,,,,500,,,,,,,,,01,,,,,,,,,,,,,,,,
1,4,0,HO,06132013,ÇPÇQÇRÇSÇTÇUÇV,ÇP,1,2737,,,,,,,,,
1,5,0,KO,51463024,2222222,,1,2737,,,,,,
1,6,0,SY,4260002,4241231,1,,,,
1,7,0,SY,5301002,4250101,1,,,,
1,8,0,SY,8833421,4250101,1,,,,
1,9,0,SY,8836591,4250101,1,,,,
1,10,0,SY,8844446,4250101,1,,,,
1,11,0,SY,2500015,4250107,1,,,,
1,12,0,SY,8838708,4250110,1,,,,
1,13,0,SY,4139007,4250315,1,,,,ÇoÇbÇhå„
1,14,0,SY,4149007,4250315,1,,,,
1,15,0,SY,8840042,4250315,1,,,,
1,16,0,SY,8837807,4251028,1,,,,
1,17,0,SY,7906015,4270717,1,,,,
1,18,0,SY,8830796,4300401,1,,,,
1,19,0,CO,01,2,810000001,ÇPì˙ÇPâÒÅ@ÉâÉìÉ^ÉXñ∞ëOÇUíPà 
1,20,0,SI,12,2,112011310,,73,1,,,,,,,1,,,,,,,,,,,,,,,,,,,,,,,,,,,,,,
1,21,0,SI,14,2,114028410,,750,1,,,,,,,1,,,,,,,,,,,,,,,,,,,,,,,,,,,,,,
1,22,0,SI,14,2,114005910,,350,2,,,,,,,2,,,,,,,,,,,,,,,,,,,,,,,,,,,,,,
1,23,0,CO,,2,840000032,ÇOÇVÇO
1,24,0,CO,,2,810000001,ÅÉÇSåéÇTåéï™ÅÑ
1,25,0,CO,60,2,830000025,ÇaÅ]ññèΩååâtàÍî åüç∏
1,26,0,SI,,2,160010010,,,1,,,,,,,1,,,,,,,,,,,,,,,,,,,,,,,,,,,,,,
1,27,0,SI,,2,160177770,2,69,1,,,,,,,1,,,,,,,,,,,,,,,,,,,,,,,,,,,,,,
1,28,0,SI,60,2,160018910,,,1,,,,,,,1,,,,,,,,,,,,,,,,,,,,,,,,,,,,,,
1,29,0,SI,,2,160019010,,,1,,,,,,,1,,,,,,,,,,,,,,,,,,,,,,,,,,,,,,
1,30,0,SI,,2,160019210,,,1,,,,,,,1,,,,,,,,,,,,,,,,,,,,,,,,,,,,,,
1,31,0,SI,,2,160019310,,,1,,,,,,,1,,,,,,,,,,,,,,,,,,,,,,,,,,,,,,
1,32,0,SI,,2,160019410,,,1,,,,,,,1,,,,,,,,,,,,,,,,,,,,,,,,,,,,,,
1,33,0,SI,,2,160022410,,,1,,,,,,,1,,,,,,,,,,,,,,,,,,,,,,,,,,,,,,
1,34,0,SI,,2,160022510,,,1,,,,,,,1,,,,,,,,,,,,,,,,,,,,,,,,,,,,,,
1,35,0,SI,,2,160022610,,,1,,,,,,,1,,,,,,,,,,,,,,,,,,,,,,,,,,,,,,
1,36,0,SI,,2,160020410,,,1,,,,,,,1,,,,,,,,,,,,,,,,,,,,,,,,,,,,,,
1,37,0,SI,,2,160020610,,,1,,,,,,,1,,,,,,,,,,,,,,,,,,,,,,,,,,,,,,
1,38,0,SI,,2,160020910,,,1,,,,,,,1,,,,,,,,,,,,,,,,,,,,,,,,,,,,,,
1,39,0,SI,,2,160023410,,,1,,,,,,,1,,,,,,,,,,,,,,,,,,,,,,,,,,,,,,
1,40,0,SI,,2,160177770,3,142,1,,,,,,,1,,,,,,,,,,,,,,,,,,,,,,,,,,,,,,
1,41,0,SI,60,2,160181250,,140,1,,,,,,,1,,,,,,,,,,,,,,,,,,,,,,,,,,,,,,
1,42,0,SI,60,2,160095710,,30,1,,,,,,,1,,,,,,,,,,,,,,,,,,,,,,,,,,,,,,
1,43,0,SI,60,2,160170170,,40,1,,,,,,,1,,,,,,,,,,,,,,,,,,,,,,,,,,,,,,
1,44,0,SI,60,2,160068410,,130,1,,,,,,,1,,,,,,,,,,,,,,,,,,,,,,,,,,,,,,
1,45,0,SI,60,2,160061810,,125,1,,,,,,,1,,,,,,,,,,,,,,,,,,,,,,,,,,,,,,
1,46,0,SI,60,2,160061910,,144,1,,,,,,,1,,,,,,,,,,,,,,,,,,,,,,,,,,,,,,
1,47,0,SI,60,2,160062010,,144,1,,,,,,,1,,,,,,,,,,,,,,,,,,,,,,,,,,,,,,
1,48,0,CO,70,2,810000001,ãπïî
1,49,0,SI,,2,170000410,1,,1,,,,,,,1,,,,,,,,,,,,,,,,,,,,,,,,,,,,,,
1,50,0,SI,,2,170027910,1,,1,,,,,,,1,,,,,,,,,,,,,,,,,,,,,,,,,,,,,,
1,51,0,SI,,2,170000210,,210,1,,,,,,,1,,,,,,,,,,,,,,,,,,,,,,,,,,,,,,
1,52,0,CO,,1,840000100,ÇOÇP
1,53,0,CO,80,2,810000001,éZíËâ»ÅFì‡Å@â»
1,54,0,SI,,2,120002710,,40,1,,,,,,,1,,,,,,,,,,,,,,,,,,,,,,,,,,,,,,
2,55,1,EX,,,,,,,,,,,,1:43005:
2,56,1,EX,,,,,,,,,,,,eF4zMrUwMzCwMjUwMoADUwNTI2MjK2NTQxMjI1MkAADNJwj/
2,57,0,RC,Ver0000110413ea03a3ceb99ba4c0e6bf2b5193e
2,58,1,RC,Ver0000133cdecb89d573263684031a5cf3460847773ded3
 2,1,0,MN,910000009,ìåãûìsç`ãÊêVã¥,13143005910000009,,,
1,2,0,IR,1,13,1,9999913,,ÉTÉìÉvÉãïaâ@,43005,00,03-9999-9999
1,3,0,RE,5,1110,43004,ÉTÉìÉvÉãÅ@él,1,3210117,,,,,,500,,,,,,,,,10,,,,,01,,,,,15,,,,,,
1,4,0,HO,06132013,ÇPÇQÇRÇSÇTÇUÇV,ÇP,3,3933,,,,,,,,,
1,5,0,SY,8830419,4230824,1,,,,
1,6,0,SY,2113008,4230905,1,,,,
1,7,0,SY,1541005,4231018,1,3088,,01,
1,8,0,SY,7805009,4231018,1,,,,
1,9,0,SY,8840042,4231018,1,,,,
1,10,0,SY,2391025,4250319,1,2049,,,
1,11,0,SY,1541005,4250509,1,,,,
1,12,0,SY,2500013,4250510,1,,,,
1,13,0,SY,8839792,4250515,1,,,,
1,14,0,SY,1970006,4250516,1,2049,,01,
1,15,0,SY,3548017,4250516,1,,,,
1,16,0,SY,5319009,4270522,1,,,,
1,17,0,SY,8847489,4270612,1,,,,
1,18,0,SY,1970006,4280527,1,20568002,,01,
1,19,0,SI,12,1,112011310,,73,1,,,,,,,,,,,,,,,,,,,,,,,,,,,,,,1,,,,,,,
1,20,0,SI,12,1,112011310,,73,1,,,,,,,,,,,,,,,,,,,,,,,,,,,,,,,,,1,,,,
1,21,0,SI,12,1,112016210,,36,1,,,,,,,,,,,,,,,,,,,,,,,,,,,,,,1,,,,,,,
1,22,0,CO,,1,830000051,äOâ»
1,23,0,SI,13,1,113002110,,400,1,,,,,,,,,,,,,,,,1,,,,,,,,,,,,,,,,,,,,,
1,24,0,CO,,1,830000015,ÇbÇ`ÇPÇXÅ|ÇX
1,25,0,CO,,1,830000015,ä‡ëŸéôê´çRå¥ÅiÇbÇdÇ`Åj
1,26,0,SI,60,1,160170170,,40,1,,,,,,,,,,,,,,,,1,,,,,,,,,,,,,,,,,,,,,
1,27,0,SI,60,1,160061810,,125,1,,,,,,,,,,,,,,,,1,,,,,,,,,,,,,,,,,,,,,
1,28,0,SI,60,1,160061910,,144,1,,,,,,,,,,,,,,,,1,,,,,,,,,,,,,,,,,,,,,
1,29,0,SI,60,1,160062110,,144,1,,,,,,,,,,,,,,,,1,,,,,,,,,,,,,,,,,,,,,
1,30,0,SI,60,1,160008010,,21,1,,,,,,,,,,,,,,,,1,,,,,,,,,,,,,,,,,,,,,
1,31,0,CO,60,1,810000001,ååâtâªäwåüç∏ÅiÇPÇOçÄñ⁄à»è„Åj
1,32,0,SI,,1,160021110,,,1,,,,,,,,,,,,,,,,1,,,,,,,,,,,,,,,,,,,,,
1,33,0,SI,,1,160021410,,,1,,,,,,,,,,,,,,,,1,,,,,,,,,,,,,,,,,,,,,
1,34,0,SI,,1,160019410,,,1,,,,,,,,,,,,,,,,1,,,,,,,,,,,,,,,,,,,,,
1,35,0,SI,,1,160019010,,,1,,,,,,,,,,,,,,,,1,,,,,,,,,,,,,,,,,,,,,
1,36,0,SI,,1,160019110,,,1,,,,,,,,,,,,,,,,1,,,,,,,,,,,,,,,,,,,,,
1,37,0,SI,,1,160022510,,,1,,,,,,,,,,,,,,,,1,,,,,,,,,,,,,,,,,,,,,
1,38,0,SI,,1,160022610,,,1,,,,,,,,,,,,,,,,1,,,,,,,,,,,,,,,,,,,,,
1,39,0,SI,,1,160018910,,,1,,,,,,,,,,,,,,,,1,,,,,,,,,,,,,,,,,,,,,
1,40,0,SI,,1,160020410,,,1,,,,,,,,,,,,,,,,1,,,,,,,,,,,,,,,,,,,,,
1,41,0,SI,,1,160020010,,,1,,,,,,,,,,,,,,,,1,,,,,,,,,,,,,,,,,,,,,
1,42,0,SI,,1,160017010,,112,1,,,,,,,,,,,,,,,,1,,,,,,,,,,,,,,,,,,,,,
1,43,0,SI,60,1,160054710,,16,1,,,,,,,,,,,,,,,,1,,,,,,,,,,,,,,,,,,,,,
1,44,0,SI,60,1,160191510,,15,1,,,,,,,,,,,,,,,,1,,,,,,,,,,,,,,,,,,,,,
1,45,0,CO,60,1,810000001,îAíÜàÍî ï®éøíËê´îºíËó åüç∏
1,46,0,SI,60,1,160010010,,49,1,,,,,,,,,,,,,,,,,,,,,,,,,,,,,,1,,,,,,,
1,47,0,CO,60,1,810000001,ååâtâªäwåüç∏ÅiÇTçÄñ⁄à»è„ÇVçÄñ⁄à»â∫Åj
1,48,0,SI,,1,160022410,,,1,,,,,,,,,,,,,,,,,,,,,,,,,,,,,,1,,,,,,,
1,49,0,SI,,1,160020910,,,1,,,,,,,,,,,,,,,,,,,,,,,,,,,,,,1,,,,,,,
1,50,0,SI,,1,160019310,,,1,,,,,,,,,,,,,,,,,,,,,,,,,,,,,,1,,,,,,,
1,51,0,SI,,1,160167250,,,1,,,,,,,,,,,,,,,,,,,,,,,,,,,,,,1,,,,,,,
1,52,0,SI,,1,160020410,,93,1,,,,,,,,,,,,,,,,,,,,,,,,,,,,,,1,,,,,,,
1,53,0,SI,60,1,160177770,5,50,1,,,,,,,,,,,,,,,,,,,,,,,,,,,,,,1,,,,,,,
1,54,0,SI,60,1,160095710,,30,1,,,,,,,,,,,,,,,,,,,,,,,,,,,,,,1,,,,,,,
1,55,0,SI,70,1,170025710,,180,1,,,,,,,,,,,,,,,,1,,,,,,,,,,,,,,,,,,,,,
1,56,0,CO,70,1,810000001,ÅkãπÅ`çúî’Ål
1,57,0,SI,,1,170028610,,,1,,,,,,,,,,,,,,,,1,,,,,,,,,,,,,,,,,,,,,
1,58,0,SI,,1,170012070,,,1,,,,,,,,,,,,,,,,1,,,,,,,,,,,,,,,,,,,,,
1,59,0,SI,,1,170028810,,1370,1,,,,,,,,,,,,,,,,1,,,,,,,,,,,,,,,,,,,,,
1,60,0,IY,,1,620007199,1,444,1,,,,,,,,,,,,,,,,1,,,,,,,,,,,,,,,,,,,,,
1,61,0,SI,70,1,170015410,,450,1,,,,,,,,,,,,,,,,1,,,,,,,,,,,,,,,,,,,,,
1,62,0,SI,80,1,120002910,,68,1,,,,,,,,,,,,,,,,,,,,,,,,,,,,,,1,,,,,,,
1,63,0,CO,,1,810000001,ì‡â»
2,64,1,EX,,,,,,,,,,,,1:43005:
2,65,1,EX,,,,,,,,,,,,eF69UrFKA0EQ/Z7p3s3tHsMgW0REFIONBLFIPsPWYi1SiMFC/BOxtso3WIUUVvkHZ/ZCbhOMpQM38I43b9+bXY7SARoZYFaUioghacexrvPR+OaUCpm89dQWxBTADTQIp8DSHMKeCCf2H8gKhHh1N7kc229NBg80XdVZ7FM2fCESmp0U5fe8fPl4ul98PW6eH/LnfJrXr7PFW17Ov/OKylkJFEzFuh9usY5GcNo2QsMssg8TtUlsPbBoJYJ3ImUz9meKUHbjZv4lRVfbFm1raNc1pBD3XVKAhxxHt1OvI7BqpWvwZNDVne6genZ9O/r12biFfgDxB4/zmIoA
2,66,0,RC,Ver000016f369d3dc65ca7e1fd662a088666c65d
2,67,1,RC,Ver000012424b8bdfeeb7c7235719bcae2636005bdbecb76
 2,1,0,MN,910000010,ìåãûìsç`ãÊêVã¥,13143005910000010,,,
1,2,0,IR,1,13,1,9999913,,ÉTÉìÉvÉãïaâ@,43005,00,03-9999-9999
1,3,0,RE,19,1122,43004,ÉTÉìÉvÉãÅ@è\å‹,2,3331108,,,,,29,1026,0007381399,,,,,,,,03,,,,,,,,,,,,,,,ÉTÉìÉvÉãÉWÉÖÉEÉS,
1,4,0,HO,06132013,ÇPÇQÇRÇSÇTÇUÇV,ÇP,1,141,,,,,,,,,
1,5,0,KO,54136015,2222222,,1,141,282,,,,,
1,6,0,SY,3320002,4200704,1,,,01,
1,7,0,SY,5319009,4251119,1,,,,
1,8,0,SY,7242014,4270602,1,,,,
1,9,0,SY,8841308,4270824,1,,,,
1,10,0,SY,3000010,4270824,1,,,,
1,11,0,SY,7890032,4300416,1,,,,
1,12,0,SY,8830971,4300416,1,,,,
1,13,0,SI,12,2,112011310,,73,1,,,,,,,,,,,,,,,,,,,,,,1,,,,,,,,,,,,,,,
1,14,0,CO,,2,820100009,
1,15,0,SI,80,2,120002910,,68,1,,,,,,,,,,,,,,,,,,,,,,1,,,,,,,,,,,,,,,
2,16,1,EX,,,,,,,,,,,,1:43005:
2,17,1,EX,,,,,,,,,,,,eF4zMrUwMzCwMjUAkjBgamBqbGhnamRhZIoEALQrCHQA
2,18,0,RC,Ver0000157223a12369e4a44d0ccb71ce8809e93
2,19,1,RC,Ver000013d238033ed7af920fefa556673ae8bb7d37d0022
 2,1,0,MN,910000011,ìåãûìsç`ãÊêVã¥,13143005910000011,,,
1,2,0,IR,1,13,1,9999913,,ÉTÉìÉvÉãïaâ@,43005,00,03-9999-9999
1,3,0,RE,14,1112,43004,ÉTÉìÉvÉãÅ@è\,2,3330401,,,,,,500,,,,,,,,,,,,,,,,,,,,,,,,ÉTÉìÉvÉãÉWÉÖÉE,
1,4,0,HO,06132013,ÇPÇQÇRÇSÇTÇUÇV,ÇP,1,4478,,,,,,,,,
1,5,0,SY,1579002,4300320,1,,,01,
1,6,0,SY,8842053,4300417,1,2056,,,
1,7,0,SI,12,1,112011310,,73,1,,,,,,,,,,,,,,,,,,,,,,,1,,,,,,,,,,,,,,
1,8,0,SI,60,1,160202910,,,1,,,,,,,,,,,,,,,,,,,,,,,1,,,,,,,,,,,,,,
1,9,0,SI,,1,160209950,,4000,1,,,,,,,,,,,,,,,,,,,,,,,1,,,,,,,,,,,,,,
1,10,0,SI,60,1,160017010,,,1,,,,,,,,,,,,,,,,,,,,,,,1,,,,,,,,,,,,,,
1,11,0,SI,,1,160018910,,,1,,,,,,,,,,,,,,,,,,,,,,,1,,,,,,,,,,,,,,
1,12,0,SI,,1,160019210,,,1,,,,,,,,,,,,,,,,,,,,,,,1,,,,,,,,,,,,,,
1,13,0,SI,,1,160019410,,,1,,,,,,,,,,,,,,,,,,,,,,,1,,,,,,,,,,,,,,
1,14,0,SI,,1,160021110,,,1,,,,,,,,,,,,,,,,,,,,,,,1,,,,,,,,,,,,,,
1,15,0,SI,,1,160021410,,,1,,,,,,,,,,,,,,,,,,,,,,,1,,,,,,,,,,,,,,
1,16,0,SI,,1,160022510,,,1,,,,,,,,,,,,,,,,,,,,,,,1,,,,,,,,,,,,,,
1,17,0,SI,,1,160022610,,,1,,,,,,,,,,,,,,,,,,,,,,,1,,,,,,,,,,,,,,
1,18,0,SI,,1,160177770,3,129,1,,,,,,,,,,,,,,,,,,,,,,,1,,,,,,,,,,,,,,
1,19,0,CO,60,1,830000025,ññèΩååâtàÍî 
1,20,0,SI,,1,160177770,1,10,1,,,,,,,,,,,,,,,,,,,,,,,1,,,,,,,,,,,,,,
1,21,0,SI,60,1,160054710,,,1,,,,,,,,,,,,,,,,,,,,,,,1,,,,,,,,,,,,,,
1,22,0,SI,,1,160177770,1,26,1,,,,,,,,,,,,,,,,,,,,,,,1,,,,,,,,,,,,,,
1,23,0,SI,60,1,160095710,,30,1,,,,,,,,,,,,,,,,,,,,,,,1,,,,,,,,,,,,,,
1,24,0,CO,70,1,810000001,ãπïî
1,25,0,SI,,1,170000410,1,,1,,,,,,,,,,,,,,,,,,,,,,,1,,,,,,,,,,,,,,
1,26,0,SI,,1,170027910,1,,1,,,,,,,,,,,,,,,,,,,,,,,1,,,,,,,,,,,,,,
1,27,0,SI,,1,170000210,,210,1,,,,,,,,,,,,,,,,,,,,,,,1,,,,,,,,,,,,,,
1,28,0,CO,,1,840000100,ÇOÇP
2,29,1,EX,,,,,,,,,,,,1:43005:
2,30,1,EX,,,,,,,,,,,,eF4zMrUwMzCwMjVAAqYGpmZGZhY2psgAAKt0CEIA
2,31,0,RC,Ver00001c505fad5e90bfd4e5fcead6a4abed91e
2,32,1,RC,Ver00001b3c5895b75342d27afc2bbad093174ca1f11d2ae
 2,1,0,MN,910000012,ìåãûìsç`ãÊêVã¥,13143005910000012,,,
1,2,0,IR,1,13,1,9999913,,ÉTÉìÉvÉãïaâ@,43005,00,03-9999-9999
1,3,0,RE,17,1112,43004,ÉTÉìÉvÉãÅ@è\éO,2,3400101,,,,,,500,,,,,,,,,,,,,,,,,,,,,,,,,
1,4,0,HO,06132013,ÇOÇOÇOÇOÇPÇR,ÇOÇPÇR,1,641,,,,,,,,,
1,5,0,SY,2720004,4270303,1,,,01,
1,6,0,SY,8840549,4271006,1,,,,
1,7,0,SY,4556002,4280916,1,,,,
1,8,0,SY,6923002,4290929,1,,,,
1,9,0,SY,8840042,4291215,1,,,,
1,10,0,SY,2500013,4300307,1,8002,,,
1,11,0,SI,12,1,112011310,,73,1,,,,,,,,,,,,,1,,,,,,,,,,,,,,,,,,,,,,,,
1,12,0,SI,60,1,160095710,,30,1,,,,,,,,,,,,,1,,,,,,,,,,,,,,,,,,,,,,,,
1,13,0,SI,60,1,160017010,,,1,,,,,,,,,,,,,1,,,,,,,,,,,,,,,,,,,,,,,,
1,14,0,SI,,1,160019010,,,1,,,,,,,,,,,,,1,,,,,,,,,,,,,,,,,,,,,,,,
1,15,0,SI,,1,160019210,,,1,,,,,,,,,,,,,1,,,,,,,,,,,,,,,,,,,,,,,,
1,16,0,SI,,1,160022510,,,1,,,,,,,,,,,,,1,,,,,,,,,,,,,,,,,,,,,,,,
1,17,0,SI,,1,160022610,,,1,,,,,,,,,,,,,1,,,,,,,,,,,,,,,,,,,,,,,,
1,18,0,SI,,1,160020410,,,1,,,,,,,,,,,,,1,,,,,,,,,,,,,,,,,,,,,,,,
1,19,0,SI,,1,160020610,,,1,,,,,,,,,,,,,1,,,,,,,,,,,,,,,,,,,,,,,,
1,20,0,SI,,1,160019510,,,1,,,,,,,,,,,,,1,,,,,,,,,,,,,,,,,,,,,,,,
1,21,0,SI,,1,160020910,,,1,,,,,,,,,,,,,1,,,,,,,,,,,,,,,,,,,,,,,,
1,22,0,SI,,1,160023410,,,1,,,,,,,,,,,,,1,,,,,,,,,,,,,,,,,,,,,,,,
1,23,0,SI,,1,160167250,,,1,,,,,,,,,,,,,1,,,,,,,,,,,,,,,,,,,,,,,,
1,24,0,SI,,1,160019410,,112,1,,,,,,,,,,,,,1,,,,,,,,,,,,,,,,,,,,,,,,
1,25,0,SI,60,1,160010010,,49,1,,,,,,,,,,,,,1,,,,,,,,,,,,,,,,,,,,,,,,
1,26,0,SI,60,1,160170170,,40,1,,,,,,,,,,,,,1,,,,,,,,,,,,,,,,,,,,,,,,
1,27,0,SI,60,1,160061810,,125,1,,,,,,,,,,,,,1,,,,,,,,,,,,,,,,,,,,,,,,
1,28,0,SI,60,1,160061910,,144,1,,,,,,,,,,,,,1,,,,,,,,,,,,,,,,,,,,,,,,
1,29,0,SI,80,1,120002910,,68,1,,,,,,,,,,,,,1,,,,,,,,,,,,,,,,,,,,,,,,
2,30,1,EX,,,,,,,,,,,,1:43005:
2,31,1,EX,,,,,,,,,,,,eF4zMrUwMzCwMjVAAqYGphYWhnamyMDIzAKs0NgCrNDE2NTIFABvRQwV
2,32,0,RC,Ver000011ed4acbec210dc5b9e22ff3ba77e38f6
2,33,1,RC,Ver000015c66a3419ffd3440d8a4d60b2a6710be5f6a4c20
 2,1,0,MN,910000013,ìåãûìsç`ãÊêVã¥,13143005910000013,,,
1,2,0,IR,1,13,1,9999913,,ÉTÉìÉvÉãïaâ@,43005,00,03-9999-9999
1,3,0,RE,11,1126,43004,ÉTÉìÉvÉãÅ@î™,2,4190506,,,,,,500,,,,,,,,,09,,,,,,,,,,,,,,,,
1,4,0,HO,06132013,ÇPÇQÇRÇSÇTÇUÇV,ÇP,1,73,,,,,,,,,
1,5,0,KO,88135124,2222222,,1,73,,,,,,
1,6,0,SY,7823024,4280504,1,,,01,
1,7,0,SY,0410002,4280504,1,8002,,,
1,8,0,SY,0790001,4280504,1,8002,,,
1,9,0,SY,2809009,4280504,1,8002,,,
1,10,0,SY,4220002,4280504,1,8002,,,
1,11,0,SY,5819004,4280504,1,8002,,,
1,12,0,SY,8832417,4280504,1,8002,,,
1,13,0,SY,8837433,4280504,1,,,,
1,14,0,SY,8840559,4280504,1,8002,,,
1,15,0,SY,8842971,4280504,1,8002,,,
1,16,0,SY,9970003,4280504,1,8002,,,
1,17,0,SY,0389004,4280505,1,8002,,,
1,18,0,SY,2869008,4280505,1,8002,,,
1,19,0,SY,5959015,4280505,1,,,,
1,20,0,SY,8832362,4280506,1,,,01,
1,21,0,SY,0000999,4280506,1,,É}ÉCÉRÉvÉâÉXÉ}ä¥êıè«,,
1,22,0,SY,2535005,4280506,1,8002,,,
1,23,0,SY,4779004,4280506,1,,,,
1,24,0,SY,7100011,4280506,1,8002,,,
1,25,0,SY,8831247,4280506,1,8002,,,
1,26,0,SY,8833504,4280506,1,8002,,,
1,27,0,SY,8833949,4280506,1,8002,,,
1,28,0,SY,8835614,4280506,1,,,,
1,29,0,SY,8839057,4280506,1,8002,,,
1,30,0,SY,8842254,4280506,1,8002,,,
1,31,0,SY,0085004,4280507,1,8002,,,
1,32,0,SY,8840042,4280507,1,,,,
1,33,0,SY,0701001,4280509,1,8002,,,
1,34,0,SY,0703002,4280509,1,8002,,,
1,35,0,SY,0703022,4280509,1,8002,,,
1,36,0,SY,8839169,4280516,1,8002,,,
1,37,0,CO,01,2,810000001,èâêfÅ@ì¸â@Ç≈éZíËçœÇ›
1,38,0,SI,12,2,112011310,,73,1,,,,,,,,,,,,,,,,,,,,,,,,,,,,,,,1,,,,,,
2,39,1,EX,,,,,,,,,,,,1:43005:
2,40,1,EX,,,,,,,,,,,,eF4zMrUwMzCwMjUwNoADUwNTKyMjUxMjY1MkAACzaghq
2,41,0,RC,Ver000016d6febf69055bd03b673a4b5bcea93cf
2,42,1,RC,Ver000019851aef7fb05d5455b09782739cd296f759379c4
 2,1,0,MN,910000014,ìåãûìsç`ãÊêVã¥,13143005910000014,,,
1,2,0,IR,1,13,1,9999913,,ÉTÉìÉvÉãïaâ@,43005,00,03-9999-9999
1,3,0,RE,13,1116,43004,ÉTÉìÉvÉãÅ@ã„,2,3541022,,,,,25,500,,,,,,,,,23,,,,,01,,,,,,,,,,,
1,4,0,HO,06132013,ÇPÇQÇRÇSÇTÇUÇV,ÇP,2,1962,,,,,,,,,
1,5,0,SY,8833940,4271212,1,,,,
1,6,0,SY,6489003,4280103,1,7066,,,
1,7,0,SY,6923002,4280103,1,,,,
1,8,0,SY,0000999,4280107,1,,îDêPê´ìúîAïa,,
1,9,0,SY,6400001,4280128,1,7070,,,
1,10,0,SY,8843369,4280206,1,7071,,,
1,11,0,SY,6489003,4280602,1,7033,,,
1,12,0,SY,8836911,4280602,1,8002,,,
1,13,0,SY,8832722,4280618,1,,,01,
1,14,0,SY,6609005,4280618,1,,,,
1,15,0,SY,6695001,4280618,1,,,,
1,16,0,SY,2809009,4280619,1,,,,
1,17,0,SY,8840042,4280619,1,,,,
1,18,0,CO,12,1,810000001,ëºÇ…ÇƒéZíËÅ@Å@ÇQì˙
1,19,0,SI,60,1,160170170,,40,1,,,,,,,,,,,,,,,,1,,,,,,,,,,,,,,,,,,,,,
1,20,0,SI,60,1,160061810,,125,1,,,,,,,,,,,,,,,,1,,,,,,,,,,,,,,,,,,,,,
1,21,0,SI,60,1,160061910,,144,1,,,,,,,,,,,,,,,,1,,,,,,,,,,,,,,,,,,,,,
1,22,0,SI,60,1,160062110,,144,1,,,,,,,,,,,,,,,,1,,,,,,,,,,,,,,,,,,,,,
1,23,0,SI,60,1,160113510,,70,1,,,,,,,,,,,,,,,,1,,,,,,,,,,,,,,,,,,,,,
1,24,0,SI,60,1,160039110,,24,1,,,,,,,,,,,,,,,,1,,,,,,,,,,,,,,,,,,,,,
1,25,0,SI,,1,160039210,,24,1,,,,,,,,,,,,,,,,1,,,,,,,,,,,,,,,,,,,,,
1,26,0,SI,,1,160039810,,15,1,,,,,,,,,,,,,,,,1,,,,,,,,,,,,,,,,,,,,,
1,27,0,SI,,1,160040910,,32,1,,,,,,,,,,,,,,,,1,,,,,,,,,,,,,,,,,,,,,
1,28,0,SI,60,1,160049210,,88,1,,,,,,,,,,,,,,,,1,,,,,,,,,,,,,,,,,,,,,
1,29,0,SI,,1,160118510,,111,1,,,,,,,,,,,,,,,,1,,,,,,,,,,,,,,,,,,,,,
1,30,0,SI,60,1,160054710,,16,1,,,,,,,,,,,,,,,,1,,,,,,,,,,,,,,,,,,,,,
1,31,0,CO,60,1,810000001,ååâtâªäwåüç∏ÅiÇPÇOçÄñ⁄à»è„Åj
1,32,0,SI,,1,160021110,,,1,,,,,,,,,,,,,,,,1,,,,,,,,,,,,,,,,,,,,,
1,33,0,SI,,1,160021410,,,1,,,,,,,,,,,,,,,,1,,,,,,,,,,,,,,,,,,,,,
1,34,0,SI,,1,160019410,,,1,,,,,,,,,,,,,,,,1,,,,,,,,,,,,,,,,,,,,,
1,35,0,SI,,1,160019010,,,1,,,,,,,,,,,,,,,,1,,,,,,,,,,,,,,,,,,,,,
1,36,0,SI,,1,160019110,,,1,,,,,,,,,,,,,,,,1,,,,,,,,,,,,,,,,,,,,,
1,37,0,SI,,1,160022510,,,1,,,,,,,,,,,,,,,,1,,,,,,,,,,,,,,,,,,,,,
1,38,0,SI,,1,160022610,,,1,,,,,,,,,,,,,,,,1,,,,,,,,,,,,,,,,,,,,,
1,39,0,SI,,1,160017010,,,1,,,,,,,,,,,,,,,,1,,,,,,,,,,,,,,,,,,,,,
1,40,0,SI,,1,160020310,,,1,,,,,,,,,,,,,,,,1,,,,,,,,,,,,,,,,,,,,,
1,41,0,SI,,1,160020610,,,1,,,,,,,,,,,,,,,,1,,,,,,,,,,,,,,,,,,,,,
1,42,0,SI,,1,160017410,,,1,,,,,,,,,,,,,,,,1,,,,,,,,,,,,,,,,,,,,,
1,43,0,SI,,1,160018910,,,1,,,,,,,,,,,,,,,,1,,,,,,,,,,,,,,,,,,,,,
1,44,0,SI,,1,160019510,,,1,,,,,,,,,,,,,,,,1,,,,,,,,,,,,,,,,,,,,,
1,45,0,SI,,1,160021510,,,1,,,,,,,,,,,,,,,,1,,,,,,,,,,,,,,,,,,,,,
1,46,0,SI,,1,160020210,,,1,,,,,,,,,,,,,,,,1,,,,,,,,,,,,,,,,,,,,,
1,47,0,SI,,1,160020410,,,1,,,,,,,,,,,,,,,,1,,,,,,,,,,,,,,,,,,,,,
1,48,0,SI,,1,160020010,,,1,,,,,,,,,,,,,,,,1,,,,,,,,,,,,,,,,,,,,,
1,49,0,SI,,1,160167250,,,1,,,,,,,,,,,,,,,,1,,,,,,,,,,,,,,,,,,,,,
1,50,0,SI,,1,160022410,,,1,,,,,,,,,,,,,,,,1,,,,,,,,,,,,,,,,,,,,,
1,51,0,SI,,1,160020910,,112,1,,,,,,,,,,,,,,,,1,,,,,,,,,,,,,,,,,,,,,
1,52,0,SI,60,1,160012310,,29,1,,,,,,,,,,,,,,,,1,,,,,,,,,,,,,,,,,,,,,
1,53,0,SI,,1,160012010,,18,1,,,,,,,,,,,,,,,,1,,,,,,,,,,,,,,,,,,,,,
1,54,0,SI,,1,160191610,,23,1,,,,,,,,,,,,,,,,1,,,,,,,,,,,,,,,,,,,,,
1,55,0,SI,,1,160191910,,80,1,,,,,,,,,,,,,,,,1,,,,,,,,,,,,,,,,,,,,,
1,56,0,SI,60,1,160192110,,131,1,,,,,,,,,,,,,,,,1,,,,,,,,,,,,,,,,,,,,,
1,57,0,CO,60,1,810000001,ì¸â@Ç®ÇÊÇ—èpëOåüç∏
1,58,0,SI,60,1,160068410,,130,1,,,,,,,,,,,,,,,,1,,,,,,,,,,,,,,,,,,,,,
1,59,0,SI,60,1,160095710,,30,1,,,,,,,,,,,,,,,,1,,,,,,,,,,,,,,,,,,,,,
1,60,0,CO,70,1,810000001,ÅkãπïîÅl
1,61,0,CO,,1,810000001,ãπïî
1,62,0,SI,,1,170000410,1,,1,,,,,,,,,,,,,,,,1,,,,,,,,,,,,,,,,,,,,,
1,63,0,SI,,1,170027910,1,,1,,,,,,,,,,,,,,,,1,,,,,,,,,,,,,,,,,,,,,
1,64,0,SI,,1,170000210,,210,1,,,,,,,,,,,,,,,,1,,,,,,,,,,,,,,,,,,,,,
1,65,0,CO,70,1,810000001,Åkçúî’Ål
1,66,0,CO,,1,810000001,éôì™çúî’ïsãœìô
1,67,0,SI,,1,170000610,,,1,,,,,,,,,,,,,,,,1,,,,,,,,,,,,,,,,,,,,,
1,68,0,SI,,1,170028010,,366,1,,,,,,,,,,,,,,,,1,,,,,,,,,,,,,,,,,,,,,
2,69,1,EX,,,,,,,,,,,,1:43005:
2,70,1,EX,,,,,,,,,,,,eF61krFKA0EQhp9nutnJ7DIsxxUJIgSDjYZgFSxS2NjZC2sppEglYusz5AFS+BjX+xCZ2Zy59WIkIO5xewz8+/9z3w55CYjRc0DCdnn0FOogvlznw8nVCLIYbMtaEgQCRnIYWahmEtcvv1xVaGLUR5d+/MXNdDyx80HLnqe5mooYGBBB3HRUWaK1CfBy+7pOn6lJ8/Tw9Lh8Tx/P16sGsn+FEMFU7bvPifEwR+1PyrlLi3S/at42vSTS1qy9XZw/SslyWkoOByUlLbWxQa0WhEovU7IdIKr776A447f//l9Qdgun5fwVVChAkYT4vaw6UGJoMiikDtXRC5DCiImKqXVacudrQ7Lz7VzPLmfDH4ffpHZA585vAaO+yvEA
2,71,0,RC,Ver00001d18033880b96f507e87640f460b9afd5
2,72,1,RC,Ver000019d2b26233827ed5a06bb64e875d762638857ddbf
 2,1,0,MN,910000015,ìåãûìsç`ãÊêVã¥,13143005910000015,,,
1,2,0,IR,1,13,1,9999913,,ÉTÉìÉvÉãïaâ@,43005,00,03-9999-9999
1,3,0,RE,15,1116,43004,ÉTÉìÉvÉãÅ@è\àÍ,2,4010711,,,,,,500,,,,,,,,,,,,,,,,,,,,,,,,ÉTÉìÉvÉãÉWÉÖÉEÉCÉ`,001
1,4,0,HO,06132013,ÇPÇQÇRÇSÇTÇUÇV,ÇP,1,111,,,,,,,,,
1,5,0,SY,9999203,4300326,1,,,,
1,6,0,SY,6441002,4300409,1,8002,,01,
1,7,0,SY,9999203,4300409,1,8106,,,
1,8,0,SI,12,1,112011310,,,1,,,,,,,,,,,,,,,1,,,,,,,,,,,,,,,,,,,,,,
1,9,0,SI,,1,112022870,,111,1,,,,,,,,,,,,,,,1,,,,,,,,,,,,,,,,,,,,,,
2,10,1,EX,,,,,,,,,,,,1:43005:
2,11,1,EX,,,,,,,,,,,,eF4zMrUwMzCwMjVAAqYGpnZ2dqbIAACcTgfq
2,12,0,RC,Ver0000152a9c9aebb0260b1d76fb28c4b89bc77
2,13,1,RC,Ver000019a4fca8099387fbc49be4300a508bf653840089c
 2,1,0,MN,910000016,ìåãûìsç`ãÊêVã¥,13143005910000016,,,
1,2,0,IR,1,13,1,9999913,,ÉTÉìÉvÉãïaâ@,43005,00,03-9999-9999
1,3,0,RE,16,1116,43004,ÉTÉìÉvÉãÅ@è\ìÒ,2,4100702,,,,,,500,,,,,,,,,,,,,,,,,,,,,,,,ÉTÉìÉvÉãÉWÉÖÉEÉj,
1,4,0,HO,06132013,ÇPÇQÇRÇSÇTÇUÇV,ÇP,1,641,,,,,,,,,
1,5,0,SY,2189004,4300402,1,,,01,
1,6,0,SY,8838580,4300409,1,8002,,,
1,7,0,SI,12,1,112011310,,,1,,,,,,,,,,,,,,,1,,,,,,,,,,,,,,,,,,,,,,
1,8,0,SI,,1,112022870,,111,1,,,,,,,,,,,,,,,1,,,,,,,,,,,,,,,,,,,,,,
1,9,0,SI,60,1,160072210,,530,1,,,,,,,,,,,,,,,1,,,,,,,,,,,,,,,,,,,,,,
2,10,1,EX,,,,,,,,,,,,1:43005:
2,11,1,EX,,,,,,,,,,,,eF4zMrUwMzCwMjVAAqYGphYWhnamyAAAo2IIDwAA
2,12,0,RC,Ver00001b6397d406ee1232a17709e4a4ec5b968
2,13,1,RC,Ver00001b18b4df5f25be0da34054182a66c2fe06a91b767
 2,1,0,MN,910000017,ìåãûìsç`ãÊêVã¥,13143005910000017,,,
1,2,0,IR,1,13,1,9999913,,ÉTÉìÉvÉãïaâ@,43005,00,03-9999-9999
1,3,0,RE,18,1116,43004,ÉTÉìÉvÉãÅ@è\él,1,3330720,,,,,,500,,,,,,,,,,,,,,,,,,,,,,,,,
1,4,0,HO,06132013,ÇOÇOÇOÇOÇPÇS,ÇOÇPÇS,1,471,,,,,,,,,
1,5,0,SY,8835572,4190115,1,,,01,
1,6,0,SY,8842295,4190115,1,,,,
1,7,0,SY,3009006,4190607,1,,,,
1,8,0,SY,3379028,4190913,1,,,,
1,9,0,SY,3069006,4190927,1,,,,
1,10,0,SY,8832567,4200814,1,,,,
1,11,0,SY,8835214,4201002,1,,,,
1,12,0,SY,2961003,4201120,1,,,,
1,13,0,SY,4779004,4210122,1,,,,
1,14,0,SY,8841702,4210601,1,,,,
1,15,0,SY,2960008,4210706,1,,,,
1,16,0,SY,4939008,4210824,1,,,,
1,17,0,SY,8839792,4270413,1,,,,
1,18,0,SY,8830971,4290731,1,,,,
1,19,0,SI,12,1,112011310,,73,1,,,,,,,,,,,1,,,,,,,,,,,,,,,,,,,,,,,,,,
1,20,0,SI,80,1,180031010,,330,1,,,,,,,,,,,1,,,,,,,,,,,,,,,,,,,,,,,,,,
1,21,0,SI,80,1,120002910,,68,1,,,,,,,,,,,1,,,,,,,,,,,,,,,,,,,,,,,,,,
2,22,1,EX,,,,,,,,,,,,1:43005:
2,23,1,EX,,,,,,,,,,,,eF69kjFOQzEMhs/jzfGzIytCbyhCiIqKBSHEAMdgZQhDh4qKoepNKuZOPUMnxMDEHXBcaMITZcRSEjny/8dfEhKNiEmwCUGJ3PXSxulocnkMXgtl8nLqIxAwUsDESj2ThmH67WuF6APBwhY5v7kaT1xv6cDTd4vAFQhnqhz2VpBXefP8Mrufbx8/nh7yenqb3xZ382XeTN/zK/g5oRxHpv0achCBa8+BKP1IWY+g69VY0dAcocwAiUrbf1Hwjq108R8UsaVIOEi1Umjp2ymQKsfB29HGlyl1bWpPX33T3re6nlxcj379NqWFnQCFovrH6uyaLWIUkk8Mq5xr
2,24,0,RC,Ver00001994e4e80ad24238715297edbf391b33a
2,25,1,RC,Ver000013254db1ad7dc2112a744faa12b9d8053b44c1465
 2,1,0,MN,910000018,ìåãûìsç`ãÊêVã¥,13143005910000018,,,
1,2,0,IR,1,13,1,9999913,,ÉTÉìÉvÉãïaâ@,43005,00,03-9999-9999
1,3,0,RE,7,1124,43004,ÉTÉìÉvÉãÅ@å‹,1,4280223,,,,,,500,,,,,,,,,27,,,,,,,,,,,,,,,,
1,4,0,HO,06132013,ÇPÇQÇRÇSÇTÇUÇV,ÇP,2,222,,,,,,,,,
1,5,0,KO,88132121,2222222,,2,222,,,,,,
1,6,0,SY,8840014,4280224,1,,,01,
1,7,0,SY,3829027,4280224,1,,,,
1,8,0,SY,4742002,4280224,1,,,,
1,9,0,SY,4739014,4280224,1,,,,
1,10,0,SY,3814010,4280224,1,2058,,,
1,11,0,SY,8832434,4300323,1,,,,
1,12,0,SY,0389004,4300327,1,,,,
1,13,0,SY,4640013,4300327,1,,,,
1,14,0,SI,12,2,112011310,,,2,,,,,,,,,,,,,,,,,1,,,,,,,,,,,,,,1,,,,,,
1,15,0,SI,,2,112006270,,111,2,,,,,,,,,,,,,,,,,1,,,,,,,,,,,,,,1,,,,,,
2,16,1,EX,,,,,,,,,,,,1:43005:
2,17,1,EX,,,,,,,,,,,,eF4zMrUwMzCwMjWxM4ADUwNTIzs7G1MLCwtTJAAAwHUI1AAA
2,18,0,RC,Ver00001db39007b7c8f000ab361b9f4a1bcf8f1
2,19,1,RC,Ver000012db3dc54fe2c12d9cf5037e6a91e540d6444314d
 2,1,0,MN,910000019,ìåãûìsç`ãÊêVã¥,13143005910000019,,,
1,2,0,IR,1,13,1,9999913,,ÉTÉìÉvÉãïaâ@,43005,00,03-9999-9999
1,3,0,RE,9,1114,43004,ÉTÉìÉvÉãÅ@éµ,2,4300407,,,,,,500,,,,,,,,,09,,,,,,,,,,,,,,,,
1,4,0,HO,06132013,ÇPÇQÇRÇSÇTÇUÇV,ÇP,3,1668,,,,,,,,,
1,5,0,SY,7746003,4300409,1,,,,
1,6,0,SY,4659007,4300423,1,,,,
1,7,0,SI,13,1,113003710,,682,1,,,,,,,,,,,,,,,1,,,,,,,,,,,,,,,,,,,,,,
1,8,0,SI,13,1,113003810,,493,2,,,,,,,,,,,,,,,,,,1,,,,,,,,,,,1,,,,,,,,
2,9,1,EX,,,,,,,,,,,,1:43005:
2,10,1,EX,,,,,,,,,,,,eF4zMrUwMzCwMjUwNoADUwNTIzMzCwtTZAAAq5gIQQAA
2,11,0,RC,Ver0000147e945033aaa2a547f52a71e2d9c6614
2,12,1,RC,Ver000016827448bd85c97db65ff9499f5a11e14b14d7aba
